INSERT OR IGNORE INTO lines (id, line_number, name_ko, name_ja, name_en, color, type) VALUES ('line_1', 1, '1호선', '1号線', 'Line 1', '#0052A4', 'subway');
INSERT OR IGNORE INTO lines (id, line_number, name_ko, name_ja, name_en, color, type) VALUES ('line_2', 2, '2호선', '2号線', 'Line 2', '#00A84D', 'subway');
INSERT OR IGNORE INTO lines (id, line_number, name_ko, name_ja, name_en, color, type) VALUES ('line_3', 3, '3호선', '3号線', 'Line 3', '#EF7C1C', 'subway');
INSERT OR IGNORE INTO lines (id, line_number, name_ko, name_ja, name_en, color, type) VALUES ('line_4', 4, '4호선', '4号線', 'Line 4', '#00A5DE', 'subway');
INSERT OR IGNORE INTO lines (id, line_number, name_ko, name_ja, name_en, color, type) VALUES ('line_5', 5, '5호선', '5号線', 'Line 5', '#996CAC', 'subway');
INSERT OR IGNORE INTO lines (id, line_number, name_ko, name_ja, name_en, color, type) VALUES ('line_6', 6, '6호선', '6号線', 'Line 6', '#CD7C2F', 'subway');
INSERT OR IGNORE INTO lines (id, line_number, name_ko, name_ja, name_en, color, type) VALUES ('line_7', 7, '7호선', '7号線', 'Line 7', '#747F00', 'subway');
INSERT OR IGNORE INTO lines (id, line_number, name_ko, name_ja, name_en, color, type) VALUES ('line_8', 8, '8호선', '8号線', 'Line 8', '#E6186C', 'subway');
INSERT OR IGNORE INTO lines (id, line_number, name_ko, name_ja, name_en, color, type) VALUES ('line_9', 9, '9호선', '9号線', 'Line 9', '#BDB092', 'subway');
INSERT OR IGNORE INTO lines (id, line_number, name_ko, name_ja, name_en, color, type) VALUES ('airport_rail', 0, '공항철도', '空港鉄道', 'Airport Railroad', '#0090D2', 'airport_rail');
INSERT OR IGNORE INTO lines (id, line_number, name_ko, name_ja, name_en, color, type) VALUES ('gyeongui_jungang', 0, '경의중앙선', '京義中央線', 'Gyeongui-Jungang Line', '#77C4A3', 'subway');
INSERT OR IGNORE INTO lines (id, line_number, name_ko, name_ja, name_en, color, type) VALUES ('shinbundang', 0, '신분당선', '新盆唐線', 'Shinbundang Line', '#D4003B', 'subway');

INSERT OR IGNORE INTO stations (id, station_code, name_ko, name_ja, name_en, name_cn, name_hanja, lat, lng, complexity_level) VALUES ('station_ahyeon', '242', '아현', '阿峴', 'Ahyeon', '阿岘', '阿峴', 0.0, 0.0, 1);
INSERT OR IGNORE INTO stations (id, station_code, name_ko, name_ja, name_en, name_cn, name_hanja, lat, lng, complexity_level) VALUES ('station_anguk', '310', '안국', '安国', 'Anguk', '安国', '安國', 0.0, 0.0, 1);
INSERT OR IGNORE INTO stations (id, station_code, name_ko, name_ja, name_en, name_cn, name_hanja, lat, lng, complexity_level) VALUES ('station_apgujeong', '318', '압구정', '狎鷗亭', 'Apgujeong', '狎鸥亭', '狎鷗亭', 0.0, 0.0, 1);
INSERT OR IGNORE INTO stations (id, station_code, name_ko, name_ja, name_en, name_cn, name_hanja, lat, lng, complexity_level) VALUES ('station_bangbae', '225', '방배', '方背', 'Bangbae', '方背', '方背', 0.0, 0.0, 1);
INSERT OR IGNORE INTO stations (id, station_code, name_ko, name_ja, name_en, name_cn, name_hanja, lat, lng, complexity_level) VALUES ('station_banghwa', '501', '방화', '傍花', 'Banghwa', '傍花', '傍花', 0.0, 0.0, 1);
INSERT OR IGNORE INTO stations (id, station_code, name_ko, name_ja, name_en, name_cn, name_hanja, lat, lng, complexity_level) VALUES ('station_beotiggogae', '624', '버티고개', 'ポティゴゲ', 'Beotiggogae', '杯蒂岭', NULL, 0.0, 0.0, 1);
INSERT OR IGNORE INTO stations (id, station_code, name_ko, name_ja, name_en, name_cn, name_hanja, lat, lng, complexity_level) VALUES ('station_bongcheon', '229', '봉천', '奉天', 'Bongcheon', '奉天', '奉天', 0.0, 0.0, 1);
INSERT OR IGNORE INTO stations (id, station_code, name_ko, name_ja, name_en, name_cn, name_hanja, lat, lng, complexity_level) VALUES ('station_bongeunsa', '925', '봉은사', '奉恩寺', 'Bongeunsa', '奉恩寺', '奉恩寺', 0.0, 0.0, 1);
INSERT OR IGNORE INTO stations (id, station_code, name_ko, name_ja, name_en, name_cn, name_hanja, lat, lng, complexity_level) VALUES ('station_boramae', '726', '보라매', 'ボラメ', 'Boramae', '普拉美', NULL, 0.0, 0.0, 1);
INSERT OR IGNORE INTO stations (id, station_code, name_ko, name_ja, name_en, name_cn, name_hanja, lat, lng, complexity_level) VALUES ('station_cheonggu', '540', '청구', '青丘', 'Cheonggu', '青丘', '靑丘', 0.0, 0.0, 2);
INSERT OR IGNORE INTO stations (id, station_code, name_ko, name_ja, name_en, name_cn, name_hanja, lat, lng, complexity_level) VALUES ('station_chungjeongno', '243', '충정로', '忠正路', 'Chungjeongno', '忠正路', '忠正路', 0.0, 0.0, 1);
INSERT OR IGNORE INTO stations (id, station_code, name_ko, name_ja, name_en, name_cn, name_hanja, lat, lng, complexity_level) VALUES ('station_chungmuro', '313', '충무로', '忠武路', 'Chungmuro', '忠武路', '忠武路', 0.0, 0.0, 2);
INSERT OR IGNORE INTO stations (id, station_code, name_ko, name_ja, name_en, name_cn, name_hanja, lat, lng, complexity_level) VALUES ('station_city-hall', '151', '시청', '市庁', 'City Hall', '市厅', '市廳', 0.0, 0.0, 2);
INSERT OR IGNORE INTO stations (id, station_code, name_ko, name_ja, name_en, name_cn, name_hanja, lat, lng, complexity_level) VALUES ('station_daecheong', '329', '대청', '大庁', 'Daecheong', '大厅', '大廳', 0.0, 0.0, 1);
INSERT OR IGNORE INTO stations (id, station_code, name_ko, name_ja, name_en, name_cn, name_hanja, lat, lng, complexity_level) VALUES ('station_daechi', '327', '대치', '大峙', 'Daechi', '大峙', '大峙', 0.0, 0.0, 1);
INSERT OR IGNORE INTO stations (id, station_code, name_ko, name_ja, name_en, name_cn, name_hanja, lat, lng, complexity_level) VALUES ('station_daerim', '233', '대림', '大林', 'Daerim', '大林', '大林', 0.0, 0.0, 2);
INSERT OR IGNORE INTO stations (id, station_code, name_ko, name_ja, name_en, name_cn, name_hanja, lat, lng, complexity_level) VALUES ('station_dangsan', '237', '당산', '堂山', 'Dangsan', '堂山', '堂山', 0.0, 0.0, 1);
INSERT OR IGNORE INTO stations (id, station_code, name_ko, name_ja, name_en, name_cn, name_hanja, lat, lng, complexity_level) VALUES ('station_dogok', '326', '도곡', '道谷', 'Dogok', '道谷', '道谷', 0.0, 0.0, 1);
INSERT OR IGNORE INTO stations (id, station_code, name_ko, name_ja, name_en, name_cn, name_hanja, lat, lng, complexity_level) VALUES ('station_dongdaemun', '155', '동대문', '東大門', 'Dongdaemun', '东大门', '東大門', 0.0, 0.0, 2);
INSERT OR IGNORE INTO stations (id, station_code, name_ko, name_ja, name_en, name_cn, name_hanja, lat, lng, complexity_level) VALUES ('station_dongdaemun-history-and-culture-park', '205', '동대문역사문화공원', '東大門歴史文化公園', 'Dongdaemun History & Culture Park', '东大门历史文化公园', '東大門歷史文化公園', 0.0, 0.0, 3);
INSERT OR IGNORE INTO stations (id, station_code, name_ko, name_ja, name_en, name_cn, name_hanja, lat, lng, complexity_level) VALUES ('station_dongguk-univ', '314', '동대입구', '東大入口', 'Dongguk Univ.', '东大入口', '東大入口', 0.0, 0.0, 1);
INSERT OR IGNORE INTO stations (id, station_code, name_ko, name_ja, name_en, name_cn, name_hanja, lat, lng, complexity_level) VALUES ('station_dongjak', '920', '동작', '銅雀', 'Dongjak', '铜雀', '銅雀', 0.0, 0.0, 1);
INSERT OR IGNORE INTO stations (id, station_code, name_ko, name_ja, name_en, name_cn, name_hanja, lat, lng, complexity_level) VALUES ('station_dongmyo', '156', '동묘앞', '東廟前', 'Dongmyo', '东庙前', '東廟앞', 0.0, 0.0, 2);
INSERT OR IGNORE INTO stations (id, station_code, name_ko, name_ja, name_en, name_cn, name_hanja, lat, lng, complexity_level) VALUES ('station_euljiro-1-ga', '202', '을지로입구', '乙支路入口', 'Euljiro 1-ga', '乙支路入口', '乙支路入口', 0.0, 0.0, 1);
INSERT OR IGNORE INTO stations (id, station_code, name_ko, name_ja, name_en, name_cn, name_hanja, lat, lng, complexity_level) VALUES ('station_euljiro-3-ga', '203', '을지로3가', '乙支路3街', 'Euljiro 3-ga', '乙支路3街', '乙支路3街', 0.0, 0.0, 2);
INSERT OR IGNORE INTO stations (id, station_code, name_ko, name_ja, name_en, name_cn, name_hanja, lat, lng, complexity_level) VALUES ('station_euljiro-4-ga', '204', '을지로4가', '乙支路4街', 'Euljiro 4-ga', '乙支路4街', '乙支路4街', 0.0, 0.0, 2);
INSERT OR IGNORE INTO stations (id, station_code, name_ko, name_ja, name_en, name_cn, name_hanja, lat, lng, complexity_level) VALUES ('station_eungam', '601', '응암', '鷹岩', 'Eungam', '鹰岩', '鷹岩', 0.0, 0.0, 1);
INSERT OR IGNORE INTO stations (id, station_code, name_ko, name_ja, name_en, name_cn, name_hanja, lat, lng, complexity_level) VALUES ('station_ewha-womans-univ', '241', '이대', '梨大', 'Ewha Womans Univ.', '梨大', '梨大', 0.0, 0.0, 1);
INSERT OR IGNORE INTO stations (id, station_code, name_ko, name_ja, name_en, name_cn, name_hanja, lat, lng, complexity_level) VALUES ('station_express-bus-terminal', '321', '고속터미널', '高速ターミナル', 'Express Bus Terminal', '高速巴士客运站', NULL, 0.0, 0.0, 2);
INSERT OR IGNORE INTO stations (id, station_code, name_ko, name_ja, name_en, name_cn, name_hanja, lat, lng, complexity_level) VALUES ('station_gaehwa', '900', '개화', '開花', 'Gaehwa', '开花', '開花', 0.0, 0.0, 1);
INSERT OR IGNORE INTO stations (id, station_code, name_ko, name_ja, name_en, name_cn, name_hanja, lat, lng, complexity_level) VALUES ('station_gaehwasan', '502', '개화산', '開花山', 'Gaehwasan', '开花山', '開花山', 0.0, 0.0, 1);
INSERT OR IGNORE INTO stations (id, station_code, name_ko, name_ja, name_en, name_cn, name_hanja, lat, lng, complexity_level) VALUES ('station_gangbyeon', '214', '강변', '江辺', 'Gangbyeon', '江边', '江邊', 0.0, 0.0, 1);
INSERT OR IGNORE INTO stations (id, station_code, name_ko, name_ja, name_en, name_cn, name_hanja, lat, lng, complexity_level) VALUES ('station_gangnam', '222', '강남', '江南', 'Gangnam', '江南', '江南', 0.0, 0.0, 1);
INSERT OR IGNORE INTO stations (id, station_code, name_ko, name_ja, name_en, name_cn, name_hanja, lat, lng, complexity_level) VALUES ('station_gasan-digital-complex', '730', '가산디지털단지', '加山デジタル団地', 'Gasan Digital Complex', '加山数码团地', NULL, 0.0, 0.0, 1);
INSERT OR IGNORE INTO stations (id, station_code, name_ko, name_ja, name_en, name_cn, name_hanja, lat, lng, complexity_level) VALUES ('station_geumho', '316', '금호', '金湖', 'Geumho', '金湖', '金湖', 0.0, 0.0, 1);
INSERT OR IGNORE INTO stations (id, station_code, name_ko, name_ja, name_en, name_cn, name_hanja, lat, lng, complexity_level) VALUES ('station_gireum', '428', '길음', '吉音', 'Gireum', '吉音', '吉音', 0.0, 0.0, 1);
INSERT OR IGNORE INTO stations (id, station_code, name_ko, name_ja, name_en, name_cn, name_hanja, lat, lng, complexity_level) VALUES ('station_guro-digital-complex', '232', '구로디지털단지', '九老デジタル団地', 'Guro Digital Complex', '九老数码团地', NULL, 0.0, 0.0, 1);
INSERT OR IGNORE INTO stations (id, station_code, name_ko, name_ja, name_en, name_cn, name_hanja, lat, lng, complexity_level) VALUES ('station_guui', '213', '구의', '九宜', 'Guui', '九宜', '九宜', 0.0, 0.0, 1);
INSERT OR IGNORE INTO stations (id, station_code, name_ko, name_ja, name_en, name_cn, name_hanja, lat, lng, complexity_level) VALUES ('station_gwanghwamun', '520', '광화문', '光化門', 'Gwanghwamun', '光化门', '光化門', 0.0, 0.0, 1);
INSERT OR IGNORE INTO stations (id, station_code, name_ko, name_ja, name_en, name_cn, name_hanja, lat, lng, complexity_level) VALUES ('station_gyeongbokgung', '309', '경복궁', '景福宮', 'Gyeongbokgung', '景福宫', '景福宮', 0.0, 0.0, 1);
INSERT OR IGNORE INTO stations (id, station_code, name_ko, name_ja, name_en, name_cn, name_hanja, lat, lng, complexity_level) VALUES ('station_hangangjin', '623', '한강진', '漢江鎮', 'Hangangjin', '汉江镇', '漢江鎭', 0.0, 0.0, 1);
INSERT OR IGNORE INTO stations (id, station_code, name_ko, name_ja, name_en, name_cn, name_hanja, lat, lng, complexity_level) VALUES ('station_hangnyeoul', '328', '학여울', 'ハンニョウル', 'Hangnyeoul', '鹤溪', NULL, 0.0, 0.0, 1);
INSERT OR IGNORE INTO stations (id, station_code, name_ko, name_ja, name_en, name_cn, name_hanja, lat, lng, complexity_level) VALUES ('station_hansung-univ', '426', '한성대입구', '漢城大入口', 'Hansung Univ.', '汉城大入口', '漢城大入口', 0.0, 0.0, 1);
INSERT OR IGNORE INTO stations (id, station_code, name_ko, name_ja, name_en, name_cn, name_hanja, lat, lng, complexity_level) VALUES ('station_hanyang-univ', '209', '한양대', '漢陽大', 'Hanyang Univ.', '汉阳大', '漢陽大', 0.0, 0.0, 1);
INSERT OR IGNORE INTO stations (id, station_code, name_ko, name_ja, name_en, name_cn, name_hanja, lat, lng, complexity_level) VALUES ('station_hapjeong', '238', '합정', '合井', 'Hapjeong', '合井', '合井', 0.0, 0.0, 2);
INSERT OR IGNORE INTO stations (id, station_code, name_ko, name_ja, name_en, name_cn, name_hanja, lat, lng, complexity_level) VALUES ('station_hoehyeon', '433', '회현', '会賢', 'Hoehyeon', '会贤', '會賢', 0.0, 0.0, 1);
INSERT OR IGNORE INTO stations (id, station_code, name_ko, name_ja, name_en, name_cn, name_hanja, lat, lng, complexity_level) VALUES ('station_hongik-univ', '239', '홍대입구', '弘大入口', 'Hongik Univ.', '弘大入口', '弘大入口', 0.0, 0.0, 1);
INSERT OR IGNORE INTO stations (id, station_code, name_ko, name_ja, name_en, name_cn, name_hanja, lat, lng, complexity_level) VALUES ('station_hyehwa', '425', '혜화', '恵化', 'Hyehwa', '惠化', '惠化', 0.0, 0.0, 1);
INSERT OR IGNORE INTO stations (id, station_code, name_ko, name_ja, name_en, name_cn, name_hanja, lat, lng, complexity_level) VALUES ('station_irwon', '330', '일원', '逸院', 'Irwon', '逸院', '逸院', 0.0, 0.0, 1);
INSERT OR IGNORE INTO stations (id, station_code, name_ko, name_ja, name_en, name_cn, name_hanja, lat, lng, complexity_level) VALUES ('station_isu', '720', '이수', '梨水', 'Isu', '梨水', '梨水', 0.0, 0.0, 1);
INSERT OR IGNORE INTO stations (id, station_code, name_ko, name_ja, name_en, name_cn, name_hanja, lat, lng, complexity_level) VALUES ('station_itaewon', '434', '이태원', '梨泰院', 'Itaewon', '梨泰院', '梨泰院', 0.0, 0.0, 1);
INSERT OR IGNORE INTO stations (id, station_code, name_ko, name_ja, name_en, name_cn, name_hanja, lat, lng, complexity_level) VALUES ('station_jamsil', '216', '잠실', '蚕室', 'Jamsil', '蚕室', '蚕室', 0.0, 0.0, 2);
INSERT OR IGNORE INTO stations (id, station_code, name_ko, name_ja, name_en, name_cn, name_hanja, lat, lng, complexity_level) VALUES ('station_jamsillaru', '215', '잠실나루', 'チャムシルナル', 'Jamsillaru', '蚕室渡口', NULL, 0.0, 0.0, 1);
INSERT OR IGNORE INTO stations (id, station_code, name_ko, name_ja, name_en, name_cn, name_hanja, lat, lng, complexity_level) VALUES ('station_jamsilsaenae', '217', '잠실새내', 'チャムシルセネ', 'Jamsilsaenae', '蚕室新内', NULL, 0.0, 0.0, 1);
INSERT OR IGNORE INTO stations (id, station_code, name_ko, name_ja, name_en, name_cn, name_hanja, lat, lng, complexity_level) VALUES ('station_jamwon', '320', '잠원', '蚕院', 'Jamwon', '蚕院', '蠶院', 0.0, 0.0, 1);
INSERT OR IGNORE INTO stations (id, station_code, name_ko, name_ja, name_en, name_cn, name_hanja, lat, lng, complexity_level) VALUES ('station_jangam', '700', '장암', '長岩', 'Jangam', '长岩', '長岩', 0.0, 0.0, 1);
INSERT OR IGNORE INTO stations (id, station_code, name_ko, name_ja, name_en, name_cn, name_hanja, lat, lng, complexity_level) VALUES ('station_jangseungbaegi', '724', '장승배기', 'チャンスンベギ', 'Jangseungbaegi', '将丞百寄', NULL, 0.0, 0.0, 1);
INSERT OR IGNORE INTO stations (id, station_code, name_ko, name_ja, name_en, name_cn, name_hanja, lat, lng, complexity_level) VALUES ('station_jonggak', '152', '종각', '鍾閣', 'Jonggak', '钟阁', '鍾閣', 0.0, 0.0, 1);
INSERT OR IGNORE INTO stations (id, station_code, name_ko, name_ja, name_en, name_cn, name_hanja, lat, lng, complexity_level) VALUES ('station_jongno-3-ga', '153', '종로3가', '鍾路3街', 'Jongno 3-ga', '钟路3街', '鍾路3街', 0.0, 0.0, 3);
INSERT OR IGNORE INTO stations (id, station_code, name_ko, name_ja, name_en, name_cn, name_hanja, lat, lng, complexity_level) VALUES ('station_jongno-5-ga', '154', '종로5가', '鍾路5街', 'Jongno 5-ga', '钟路5街', '鍾路5街', 0.0, 0.0, 1);
INSERT OR IGNORE INTO stations (id, station_code, name_ko, name_ja, name_en, name_cn, name_hanja, lat, lng, complexity_level) VALUES ('station_konkuk-univ', '212', '건대입구', '建大入口', 'Konkuk Univ.', '建大入口', '建大入口', 0.0, 0.0, 2);
INSERT OR IGNORE INTO stations (id, station_code, name_ko, name_ja, name_en, name_cn, name_hanja, lat, lng, complexity_level) VALUES ('station_maebong', '325', '매봉', '梅峰', 'Maebong', '梅峰', '梅峰', 0.0, 0.0, 1);
INSERT OR IGNORE INTO stations (id, station_code, name_ko, name_ja, name_en, name_cn, name_hanja, lat, lng, complexity_level) VALUES ('station_mapo', '512', '마포', '麻浦', 'Mapo', '麻浦', '麻浦', 0.0, 0.0, 1);
INSERT OR IGNORE INTO stations (id, station_code, name_ko, name_ja, name_en, name_cn, name_hanja, lat, lng, complexity_level) VALUES ('station_mia-sageori', '429', '미아사거리', 'ミア交差路', 'Mia Sageori', '弥阿十字路口', NULL, 0.0, 0.0, 1);
INSERT OR IGNORE INTO stations (id, station_code, name_ko, name_ja, name_en, name_cn, name_hanja, lat, lng, complexity_level) VALUES ('station_moran', '820', '모란', '牡丹', 'Moran', '牡丹', '牡丹', 0.0, 0.0, 1);
INSERT OR IGNORE INTO stations (id, station_code, name_ko, name_ja, name_en, name_cn, name_hanja, lat, lng, complexity_level) VALUES ('station_mullae', '235', '문래', '文来', 'Mullae', '文来', '文來', 0.0, 0.0, 1);
INSERT OR IGNORE INTO stations (id, station_code, name_ko, name_ja, name_en, name_cn, name_hanja, lat, lng, complexity_level) VALUES ('station_myeongdong', '421', '명동', '明洞', 'Myeongdong', '明洞', '明洞', 0.0, 0.0, 1);
INSERT OR IGNORE INTO stations (id, station_code, name_ko, name_ja, name_en, name_cn, name_hanja, lat, lng, complexity_level) VALUES ('station_nakseongdae', '227', '낙성대', '落星台', 'Nakseongdae', '落星垈', '落星垈', 0.0, 0.0, 1);
INSERT OR IGNORE INTO stations (id, station_code, name_ko, name_ja, name_en, name_cn, name_hanja, lat, lng, complexity_level) VALUES ('station_nambu-bus-terminal', '323', '남부터미널', '南部ターミナル', 'Nambu Bus Terminal', '南部巴士客运站', NULL, 0.0, 0.0, 1);
INSERT OR IGNORE INTO stations (id, station_code, name_ko, name_ja, name_en, name_cn, name_hanja, lat, lng, complexity_level) VALUES ('station_namseong', '721', '남성', '南城', 'Namseong', '南省', '南省', 0.0, 0.0, 1);
INSERT OR IGNORE INTO stations (id, station_code, name_ko, name_ja, name_en, name_cn, name_hanja, lat, lng, complexity_level) VALUES ('station_noksapyeong', '621', '녹사평', '緑莎坪', 'Noksapyeong', '绿莎坪', '綠莎坪', 0.0, 0.0, 1);
INSERT OR IGNORE INTO stations (id, station_code, name_ko, name_ja, name_en, name_cn, name_hanja, lat, lng, complexity_level) VALUES ('station_oksu', '317', '옥수', '玉水', 'Oksu', '玉水', '玉水', 0.0, 0.0, 1);
INSERT OR IGNORE INTO stations (id, station_code, name_ko, name_ja, name_en, name_cn, name_hanja, lat, lng, complexity_level) VALUES ('station_sadang', '226', '사당', '舎堂', 'Sadang', '舍堂', '舍堂', 0.0, 0.0, 1);
INSERT OR IGNORE INTO stations (id, station_code, name_ko, name_ja, name_en, name_cn, name_hanja, lat, lng, complexity_level) VALUES ('station_samgakji', '430', '삼각지', '三角地', 'Samgakji', '三角地', '三角地', 0.0, 0.0, 2);
INSERT OR IGNORE INTO stations (id, station_code, name_ko, name_ja, name_en, name_cn, name_hanja, lat, lng, complexity_level) VALUES ('station_samjeon', '927', '삼전', '三田', 'Samjeon', '三田', '三田', 0.0, 0.0, 1);
INSERT OR IGNORE INTO stations (id, station_code, name_ko, name_ja, name_en, name_cn, name_hanja, lat, lng, complexity_level) VALUES ('station_samseong', '219', '삼성', '三成', 'Samseong', '三成', '三成', 0.0, 0.0, 1);
INSERT OR IGNORE INTO stations (id, station_code, name_ko, name_ja, name_en, name_cn, name_hanja, lat, lng, complexity_level) VALUES ('station_samsung-jungang', '924', '삼성중앙', '三成中央', 'Samsung Jungang', '三成中央', '三成中央', 0.0, 0.0, 1);
INSERT OR IGNORE INTO stations (id, station_code, name_ko, name_ja, name_en, name_cn, name_hanja, lat, lng, complexity_level) VALUES ('station_sangdo', '723', '상도', '上道', 'Sangdo', '上道', '上道', 0.0, 0.0, 1);
INSERT OR IGNORE INTO stations (id, station_code, name_ko, name_ja, name_en, name_cn, name_hanja, lat, lng, complexity_level) VALUES ('station_sangsu', '611', '상수', '上水', 'Sangsu', '上水', '上水', 0.0, 0.0, 1);
INSERT OR IGNORE INTO stations (id, station_code, name_ko, name_ja, name_en, name_cn, name_hanja, lat, lng, complexity_level) VALUES ('station_sangwangsimni', '207', '상왕십리', '上往十里', 'Sangwangsimni', '上往十里', '上往十里', 0.0, 0.0, 1);
INSERT OR IGNORE INTO stations (id, station_code, name_ko, name_ja, name_en, name_cn, name_hanja, lat, lng, complexity_level) VALUES ('station_seocho', '224', '서초', '瑞草', 'Seocho', '瑞草', '瑞草', 0.0, 0.0, 1);
INSERT OR IGNORE INTO stations (id, station_code, name_ko, name_ja, name_en, name_cn, name_hanja, lat, lng, complexity_level) VALUES ('station_seokchon', '811', '석촌', '石村', 'Seokchon', '石村', '石村', 0.0, 0.0, 2);
INSERT OR IGNORE INTO stations (id, station_code, name_ko, name_ja, name_en, name_cn, name_hanja, lat, lng, complexity_level) VALUES ('station_seokchon-ancient-tombs', '928', '석촌고분', '石村古墳', 'Seokchon Ancient Tombs', '石村古坟', NULL, 0.0, 0.0, 1);
INSERT OR IGNORE INTO stations (id, station_code, name_ko, name_ja, name_en, name_cn, name_hanja, lat, lng, complexity_level) VALUES ('station_seolleung', '220', '선릉', '宣陵', 'Seolleung', '宣陵', '宣陵', 0.0, 0.0, 1);
INSERT OR IGNORE INTO stations (id, station_code, name_ko, name_ja, name_en, name_cn, name_hanja, lat, lng, complexity_level) VALUES ('station_seongsu', '211', '성수', '聖水', 'Seongsu', '圣水', '聖水', 0.0, 0.0, 1);
INSERT OR IGNORE INTO stations (id, station_code, name_ko, name_ja, name_en, name_cn, name_hanja, lat, lng, complexity_level) VALUES ('station_seonjeongneung', '923', '선정릉', '宣靖陵', 'Seonjeongneung', '宣靖陵', '宣靖陵', 0.0, 0.0, 1);
INSERT OR IGNORE INTO stations (id, station_code, name_ko, name_ja, name_en, name_cn, name_hanja, lat, lng, complexity_level) VALUES ('station_seoul-natl-univ', '228', '서울대입구', 'ソウル大入口', 'Seoul Nat''l Univ.', '首尔大入口', '서울大入口', 0.0, 0.0, 1);
INSERT OR IGNORE INTO stations (id, station_code, name_ko, name_ja, name_en, name_cn, name_hanja, lat, lng, complexity_level) VALUES ('station_seoul-natl-univ-of-education', '223', '교대', '教大', 'Seoul Nat''l Univ. of Education', '教大', '教大', 0.0, 0.0, 2);
INSERT OR IGNORE INTO stations (id, station_code, name_ko, name_ja, name_en, name_cn, name_hanja, lat, lng, complexity_level) VALUES ('station_seoul-station', '150', '서울역', 'ソウル駅', 'Seoul Station', '首尔站', '서울驛', 0.0, 0.0, 2);
INSERT OR IGNORE INTO stations (id, station_code, name_ko, name_ja, name_en, name_cn, name_hanja, lat, lng, complexity_level) VALUES ('station_sillim', '230', '신림', '新林', 'Sillim', '新林', '新林', 0.0, 0.0, 1);
INSERT OR IGNORE INTO stations (id, station_code, name_ko, name_ja, name_en, name_cn, name_hanja, lat, lng, complexity_level) VALUES ('station_sinchon', '240', '신촌', '新村', 'Sinchon', '新村', '新村', 0.0, 0.0, 1);
INSERT OR IGNORE INTO stations (id, station_code, name_ko, name_ja, name_en, name_cn, name_hanja, lat, lng, complexity_level) VALUES ('station_sindaebang', '231', '신대방', '新大方', 'Sindaebang', '新大方', '新大方', 0.0, 0.0, 1);
INSERT OR IGNORE INTO stations (id, station_code, name_ko, name_ja, name_en, name_cn, name_hanja, lat, lng, complexity_level) VALUES ('station_sindaebang-samgeori', '725', '신대방삼거리', '新大方三叉路', 'Sindaebang Samgeori', '新大方三岔路口', NULL, 0.0, 0.0, 1);
INSERT OR IGNORE INTO stations (id, station_code, name_ko, name_ja, name_en, name_cn, name_hanja, lat, lng, complexity_level) VALUES ('station_sindang', '206', '신당', '新堂', 'Sindang', '新堂', '新堂', 0.0, 0.0, 2);
INSERT OR IGNORE INTO stations (id, station_code, name_ko, name_ja, name_en, name_cn, name_hanja, lat, lng, complexity_level) VALUES ('station_sindorim', '234', '신도림', '新道林', 'Sindorim', '新道林', '新道林', 0.0, 0.0, 1);
INSERT OR IGNORE INTO stations (id, station_code, name_ko, name_ja, name_en, name_cn, name_hanja, lat, lng, complexity_level) VALUES ('station_sinnonhyeon', '922', '신논현', '新論峴', 'Sinnonhyeon', '新论岘', '新論峴', 0.0, 0.0, 1);
INSERT OR IGNORE INTO stations (id, station_code, name_ko, name_ja, name_en, name_cn, name_hanja, lat, lng, complexity_level) VALUES ('station_sinpung', '727', '신풍', '新豊', 'Sinpung', '新丰', '新豊', 0.0, 0.0, 1);
INSERT OR IGNORE INTO stations (id, station_code, name_ko, name_ja, name_en, name_cn, name_hanja, lat, lng, complexity_level) VALUES ('station_sinsa', '319', '신사', '新沙', 'Sinsa', '新沙', '新沙', 0.0, 0.0, 1);
INSERT OR IGNORE INTO stations (id, station_code, name_ko, name_ja, name_en, name_cn, name_hanja, lat, lng, complexity_level) VALUES ('station_sookmyung-womens-univ', '431', '숙대입구', '淑大入口', 'Sookmyung Women''s Univ.', '淑大入口', '淑大入口', 0.0, 0.0, 1);
INSERT OR IGNORE INTO stations (id, station_code, name_ko, name_ja, name_en, name_cn, name_hanja, lat, lng, complexity_level) VALUES ('station_soongsil-univ', '722', '숭실대입구', '崇実大入口', 'Soongsil Univ.', '崇实大入口', '崇實大入口', 0.0, 0.0, 1);
INSERT OR IGNORE INTO stations (id, station_code, name_ko, name_ja, name_en, name_cn, name_hanja, lat, lng, complexity_level) VALUES ('station_sports-complex', '218', '종합운동장', '総合運動場', 'Sports Complex', '综合运动场', '綜合運動場', 0.0, 0.0, 2);
INSERT OR IGNORE INTO stations (id, station_code, name_ko, name_ja, name_en, name_cn, name_hanja, lat, lng, complexity_level) VALUES ('station_sungshin-womens-univ', '427', '성신여대입구', '誠信女大入口', 'Sungshin Women''s Univ.', '诚信女大入口', '誠信女大入口', 0.0, 0.0, 1);
INSERT OR IGNORE INTO stations (id, station_code, name_ko, name_ja, name_en, name_cn, name_hanja, lat, lng, complexity_level) VALUES ('station_suseo', '331', '수서', '水西', 'Suseo', '水西', '水西', 0.0, 0.0, 1);
INSERT OR IGNORE INTO stations (id, station_code, name_ko, name_ja, name_en, name_cn, name_hanja, lat, lng, complexity_level) VALUES ('station_ttukseom', '210', '뚝섬', 'トゥクソム', 'Ttukseom', '纛岛', NULL, 0.0, 0.0, 1);
INSERT OR IGNORE INTO stations (id, station_code, name_ko, name_ja, name_en, name_cn, name_hanja, lat, lng, complexity_level) VALUES ('station_wangsimni', '208', '왕십리', '往十里', 'Wangsimni', '往十里', '往十里', 0.0, 0.0, 2);
INSERT OR IGNORE INTO stations (id, station_code, name_ko, name_ja, name_en, name_cn, name_hanja, lat, lng, complexity_level) VALUES ('station_yaksu', '315', '약수', '薬水', 'Yaksu', '药水', '藥水', 0.0, 0.0, 2);
INSERT OR IGNORE INTO stations (id, station_code, name_ko, name_ja, name_en, name_cn, name_hanja, lat, lng, complexity_level) VALUES ('station_yangjae', '324', '양재', '良才', 'Yangjae', '良才', '良才', 0.0, 0.0, 1);
INSERT OR IGNORE INTO stations (id, station_code, name_ko, name_ja, name_en, name_cn, name_hanja, lat, lng, complexity_level) VALUES ('station_yeoksam', '221', '역삼', '駅三', 'Yeoksam', '驿三', '驛三', 0.0, 0.0, 1);
INSERT OR IGNORE INTO stations (id, station_code, name_ko, name_ja, name_en, name_cn, name_hanja, lat, lng, complexity_level) VALUES ('station_yeongdeungpo-gu-office', '236', '영등포구청', '永登浦区庁', 'Yeongdeungpo-gu Office', '永登浦区厅', '永登浦區廳', 0.0, 0.0, 1);
INSERT OR IGNORE INTO stations (id, station_code, name_ko, name_ja, name_en, name_cn, name_hanja, lat, lng, complexity_level) VALUES ('station_yeouido', '510', '여의도', '汝矣島', 'Yeouido', '汝矣岛', '汝矣島', 0.0, 0.0, 2);
INSERT OR IGNORE INTO stations (id, station_code, name_ko, name_ja, name_en, name_cn, name_hanja, lat, lng, complexity_level) VALUES ('station_yeouinaru', '511', '여의나루', '汝矣ナル', 'Yeouinaru', '汝矣渡口', '汝矣渡口', 0.0, 0.0, 1);

INSERT OR IGNORE INTO station_lines (station_id, line_id) VALUES ('station_ahyeon', 'line_2');
INSERT OR IGNORE INTO station_lines (station_id, line_id) VALUES ('station_anguk', 'line_3');
INSERT OR IGNORE INTO station_lines (station_id, line_id) VALUES ('station_apgujeong', 'line_3');
INSERT OR IGNORE INTO station_lines (station_id, line_id) VALUES ('station_bangbae', 'line_2');
INSERT OR IGNORE INTO station_lines (station_id, line_id) VALUES ('station_banghwa', 'line_5');
INSERT OR IGNORE INTO station_lines (station_id, line_id) VALUES ('station_beotiggogae', 'line_6');
INSERT OR IGNORE INTO station_lines (station_id, line_id) VALUES ('station_bongcheon', 'line_2');
INSERT OR IGNORE INTO station_lines (station_id, line_id) VALUES ('station_bongeunsa', 'line_9');
INSERT OR IGNORE INTO station_lines (station_id, line_id) VALUES ('station_boramae', 'line_7');
INSERT OR IGNORE INTO station_lines (station_id, line_id) VALUES ('station_cheonggu', 'line_5');
INSERT OR IGNORE INTO station_lines (station_id, line_id) VALUES ('station_cheonggu', 'line_6');
INSERT OR IGNORE INTO station_lines (station_id, line_id) VALUES ('station_chungjeongno', 'line_2');
INSERT OR IGNORE INTO station_lines (station_id, line_id) VALUES ('station_chungmuro', 'line_3');
INSERT OR IGNORE INTO station_lines (station_id, line_id) VALUES ('station_chungmuro', 'line_4');
INSERT OR IGNORE INTO station_lines (station_id, line_id) VALUES ('station_city-hall', 'line_1');
INSERT OR IGNORE INTO station_lines (station_id, line_id) VALUES ('station_city-hall', 'line_2');
INSERT OR IGNORE INTO station_lines (station_id, line_id) VALUES ('station_daecheong', 'line_3');
INSERT OR IGNORE INTO station_lines (station_id, line_id) VALUES ('station_daechi', 'line_3');
INSERT OR IGNORE INTO station_lines (station_id, line_id) VALUES ('station_daerim', 'line_2');
INSERT OR IGNORE INTO station_lines (station_id, line_id) VALUES ('station_daerim', 'line_7');
INSERT OR IGNORE INTO station_lines (station_id, line_id) VALUES ('station_dangsan', 'line_2');
INSERT OR IGNORE INTO station_lines (station_id, line_id) VALUES ('station_dogok', 'line_3');
INSERT OR IGNORE INTO station_lines (station_id, line_id) VALUES ('station_dongdaemun', 'line_1');
INSERT OR IGNORE INTO station_lines (station_id, line_id) VALUES ('station_dongdaemun', 'line_4');
INSERT OR IGNORE INTO station_lines (station_id, line_id) VALUES ('station_dongdaemun-history-and-culture-park', 'line_2');
INSERT OR IGNORE INTO station_lines (station_id, line_id) VALUES ('station_dongdaemun-history-and-culture-park', 'line_4');
INSERT OR IGNORE INTO station_lines (station_id, line_id) VALUES ('station_dongdaemun-history-and-culture-park', 'line_5');
INSERT OR IGNORE INTO station_lines (station_id, line_id) VALUES ('station_dongguk-univ', 'line_3');
INSERT OR IGNORE INTO station_lines (station_id, line_id) VALUES ('station_dongjak', 'line_9');
INSERT OR IGNORE INTO station_lines (station_id, line_id) VALUES ('station_dongmyo', 'line_1');
INSERT OR IGNORE INTO station_lines (station_id, line_id) VALUES ('station_dongmyo', 'line_6');
INSERT OR IGNORE INTO station_lines (station_id, line_id) VALUES ('station_euljiro-1-ga', 'line_2');
INSERT OR IGNORE INTO station_lines (station_id, line_id) VALUES ('station_euljiro-3-ga', 'line_2');
INSERT OR IGNORE INTO station_lines (station_id, line_id) VALUES ('station_euljiro-3-ga', 'line_3');
INSERT OR IGNORE INTO station_lines (station_id, line_id) VALUES ('station_euljiro-4-ga', 'line_2');
INSERT OR IGNORE INTO station_lines (station_id, line_id) VALUES ('station_euljiro-4-ga', 'line_5');
INSERT OR IGNORE INTO station_lines (station_id, line_id) VALUES ('station_eungam', 'line_6');
INSERT OR IGNORE INTO station_lines (station_id, line_id) VALUES ('station_ewha-womans-univ', 'line_2');
INSERT OR IGNORE INTO station_lines (station_id, line_id) VALUES ('station_express-bus-terminal', 'line_3');
INSERT OR IGNORE INTO station_lines (station_id, line_id) VALUES ('station_express-bus-terminal', 'line_9');
INSERT OR IGNORE INTO station_lines (station_id, line_id) VALUES ('station_gaehwa', 'line_9');
INSERT OR IGNORE INTO station_lines (station_id, line_id) VALUES ('station_gaehwasan', 'line_5');
INSERT OR IGNORE INTO station_lines (station_id, line_id) VALUES ('station_gangbyeon', 'line_2');
INSERT OR IGNORE INTO station_lines (station_id, line_id) VALUES ('station_gangnam', 'line_2');
INSERT OR IGNORE INTO station_lines (station_id, line_id) VALUES ('station_gasan-digital-complex', 'line_7');
INSERT OR IGNORE INTO station_lines (station_id, line_id) VALUES ('station_geumho', 'line_3');
INSERT OR IGNORE INTO station_lines (station_id, line_id) VALUES ('station_gireum', 'line_4');
INSERT OR IGNORE INTO station_lines (station_id, line_id) VALUES ('station_guro-digital-complex', 'line_2');
INSERT OR IGNORE INTO station_lines (station_id, line_id) VALUES ('station_guui', 'line_2');
INSERT OR IGNORE INTO station_lines (station_id, line_id) VALUES ('station_gwanghwamun', 'line_5');
INSERT OR IGNORE INTO station_lines (station_id, line_id) VALUES ('station_gyeongbokgung', 'line_3');
INSERT OR IGNORE INTO station_lines (station_id, line_id) VALUES ('station_hangangjin', 'line_6');
INSERT OR IGNORE INTO station_lines (station_id, line_id) VALUES ('station_hangnyeoul', 'line_3');
INSERT OR IGNORE INTO station_lines (station_id, line_id) VALUES ('station_hansung-univ', 'line_4');
INSERT OR IGNORE INTO station_lines (station_id, line_id) VALUES ('station_hanyang-univ', 'line_2');
INSERT OR IGNORE INTO station_lines (station_id, line_id) VALUES ('station_hapjeong', 'line_2');
INSERT OR IGNORE INTO station_lines (station_id, line_id) VALUES ('station_hapjeong', 'line_6');
INSERT OR IGNORE INTO station_lines (station_id, line_id) VALUES ('station_hoehyeon', 'line_4');
INSERT OR IGNORE INTO station_lines (station_id, line_id) VALUES ('station_hongik-univ', 'line_2');
INSERT OR IGNORE INTO station_lines (station_id, line_id) VALUES ('station_hyehwa', 'line_4');
INSERT OR IGNORE INTO station_lines (station_id, line_id) VALUES ('station_irwon', 'line_3');
INSERT OR IGNORE INTO station_lines (station_id, line_id) VALUES ('station_isu', 'line_7');
INSERT OR IGNORE INTO station_lines (station_id, line_id) VALUES ('station_itaewon', 'line_6');
INSERT OR IGNORE INTO station_lines (station_id, line_id) VALUES ('station_jamsil', 'line_2');
INSERT OR IGNORE INTO station_lines (station_id, line_id) VALUES ('station_jamsil', 'line_8');
INSERT OR IGNORE INTO station_lines (station_id, line_id) VALUES ('station_jamsillaru', 'line_2');
INSERT OR IGNORE INTO station_lines (station_id, line_id) VALUES ('station_jamsilsaenae', 'line_2');
INSERT OR IGNORE INTO station_lines (station_id, line_id) VALUES ('station_jamwon', 'line_3');
INSERT OR IGNORE INTO station_lines (station_id, line_id) VALUES ('station_jangam', 'line_7');
INSERT OR IGNORE INTO station_lines (station_id, line_id) VALUES ('station_jangseungbaegi', 'line_7');
INSERT OR IGNORE INTO station_lines (station_id, line_id) VALUES ('station_jonggak', 'line_1');
INSERT OR IGNORE INTO station_lines (station_id, line_id) VALUES ('station_jongno-3-ga', 'line_1');
INSERT OR IGNORE INTO station_lines (station_id, line_id) VALUES ('station_jongno-3-ga', 'line_3');
INSERT OR IGNORE INTO station_lines (station_id, line_id) VALUES ('station_jongno-3-ga', 'line_5');
INSERT OR IGNORE INTO station_lines (station_id, line_id) VALUES ('station_jongno-5-ga', 'line_1');
INSERT OR IGNORE INTO station_lines (station_id, line_id) VALUES ('station_konkuk-univ', 'line_2');
INSERT OR IGNORE INTO station_lines (station_id, line_id) VALUES ('station_konkuk-univ', 'line_7');
INSERT OR IGNORE INTO station_lines (station_id, line_id) VALUES ('station_maebong', 'line_3');
INSERT OR IGNORE INTO station_lines (station_id, line_id) VALUES ('station_mapo', 'line_5');
INSERT OR IGNORE INTO station_lines (station_id, line_id) VALUES ('station_mia-sageori', 'line_4');
INSERT OR IGNORE INTO station_lines (station_id, line_id) VALUES ('station_moran', 'line_8');
INSERT OR IGNORE INTO station_lines (station_id, line_id) VALUES ('station_mullae', 'line_2');
INSERT OR IGNORE INTO station_lines (station_id, line_id) VALUES ('station_myeongdong', 'line_4');
INSERT OR IGNORE INTO station_lines (station_id, line_id) VALUES ('station_nakseongdae', 'line_2');
INSERT OR IGNORE INTO station_lines (station_id, line_id) VALUES ('station_nambu-bus-terminal', 'line_3');
INSERT OR IGNORE INTO station_lines (station_id, line_id) VALUES ('station_namseong', 'line_7');
INSERT OR IGNORE INTO station_lines (station_id, line_id) VALUES ('station_noksapyeong', 'line_6');
INSERT OR IGNORE INTO station_lines (station_id, line_id) VALUES ('station_oksu', 'line_3');
INSERT OR IGNORE INTO station_lines (station_id, line_id) VALUES ('station_sadang', 'line_2');
INSERT OR IGNORE INTO station_lines (station_id, line_id) VALUES ('station_samgakji', 'line_4');
INSERT OR IGNORE INTO station_lines (station_id, line_id) VALUES ('station_samgakji', 'line_6');
INSERT OR IGNORE INTO station_lines (station_id, line_id) VALUES ('station_samjeon', 'line_9');
INSERT OR IGNORE INTO station_lines (station_id, line_id) VALUES ('station_samseong', 'line_2');
INSERT OR IGNORE INTO station_lines (station_id, line_id) VALUES ('station_samsung-jungang', 'line_9');
INSERT OR IGNORE INTO station_lines (station_id, line_id) VALUES ('station_sangdo', 'line_7');
INSERT OR IGNORE INTO station_lines (station_id, line_id) VALUES ('station_sangsu', 'line_6');
INSERT OR IGNORE INTO station_lines (station_id, line_id) VALUES ('station_sangwangsimni', 'line_2');
INSERT OR IGNORE INTO station_lines (station_id, line_id) VALUES ('station_seocho', 'line_2');
INSERT OR IGNORE INTO station_lines (station_id, line_id) VALUES ('station_seokchon', 'line_8');
INSERT OR IGNORE INTO station_lines (station_id, line_id) VALUES ('station_seokchon', 'line_9');
INSERT OR IGNORE INTO station_lines (station_id, line_id) VALUES ('station_seokchon-ancient-tombs', 'line_9');
INSERT OR IGNORE INTO station_lines (station_id, line_id) VALUES ('station_seolleung', 'line_2');
INSERT OR IGNORE INTO station_lines (station_id, line_id) VALUES ('station_seongsu', 'line_2');
INSERT OR IGNORE INTO station_lines (station_id, line_id) VALUES ('station_seonjeongneung', 'line_9');
INSERT OR IGNORE INTO station_lines (station_id, line_id) VALUES ('station_seoul-natl-univ', 'line_2');
INSERT OR IGNORE INTO station_lines (station_id, line_id) VALUES ('station_seoul-natl-univ-of-education', 'line_2');
INSERT OR IGNORE INTO station_lines (station_id, line_id) VALUES ('station_seoul-natl-univ-of-education', 'line_3');
INSERT OR IGNORE INTO station_lines (station_id, line_id) VALUES ('station_seoul-station', 'line_1');
INSERT OR IGNORE INTO station_lines (station_id, line_id) VALUES ('station_seoul-station', 'line_4');
INSERT OR IGNORE INTO station_lines (station_id, line_id) VALUES ('station_sillim', 'line_2');
INSERT OR IGNORE INTO station_lines (station_id, line_id) VALUES ('station_sinchon', 'line_2');
INSERT OR IGNORE INTO station_lines (station_id, line_id) VALUES ('station_sindaebang', 'line_2');
INSERT OR IGNORE INTO station_lines (station_id, line_id) VALUES ('station_sindaebang-samgeori', 'line_7');
INSERT OR IGNORE INTO station_lines (station_id, line_id) VALUES ('station_sindang', 'line_2');
INSERT OR IGNORE INTO station_lines (station_id, line_id) VALUES ('station_sindang', 'line_6');
INSERT OR IGNORE INTO station_lines (station_id, line_id) VALUES ('station_sindorim', 'line_2');
INSERT OR IGNORE INTO station_lines (station_id, line_id) VALUES ('station_sinnonhyeon', 'line_9');
INSERT OR IGNORE INTO station_lines (station_id, line_id) VALUES ('station_sinpung', 'line_7');
INSERT OR IGNORE INTO station_lines (station_id, line_id) VALUES ('station_sinsa', 'line_3');
INSERT OR IGNORE INTO station_lines (station_id, line_id) VALUES ('station_sookmyung-womens-univ', 'line_4');
INSERT OR IGNORE INTO station_lines (station_id, line_id) VALUES ('station_soongsil-univ', 'line_7');
INSERT OR IGNORE INTO station_lines (station_id, line_id) VALUES ('station_sports-complex', 'line_2');
INSERT OR IGNORE INTO station_lines (station_id, line_id) VALUES ('station_sports-complex', 'line_9');
INSERT OR IGNORE INTO station_lines (station_id, line_id) VALUES ('station_sungshin-womens-univ', 'line_4');
INSERT OR IGNORE INTO station_lines (station_id, line_id) VALUES ('station_suseo', 'line_3');
INSERT OR IGNORE INTO station_lines (station_id, line_id) VALUES ('station_ttukseom', 'line_2');
INSERT OR IGNORE INTO station_lines (station_id, line_id) VALUES ('station_wangsimni', 'line_2');
INSERT OR IGNORE INTO station_lines (station_id, line_id) VALUES ('station_wangsimni', 'line_5');
INSERT OR IGNORE INTO station_lines (station_id, line_id) VALUES ('station_yaksu', 'line_3');
INSERT OR IGNORE INTO station_lines (station_id, line_id) VALUES ('station_yaksu', 'line_6');
INSERT OR IGNORE INTO station_lines (station_id, line_id) VALUES ('station_yangjae', 'line_3');
INSERT OR IGNORE INTO station_lines (station_id, line_id) VALUES ('station_yeoksam', 'line_2');
INSERT OR IGNORE INTO station_lines (station_id, line_id) VALUES ('station_yeongdeungpo-gu-office', 'line_2');
INSERT OR IGNORE INTO station_lines (station_id, line_id) VALUES ('station_yeouido', 'line_5');
INSERT OR IGNORE INTO station_lines (station_id, line_id) VALUES ('station_yeouido', 'line_9');
INSERT OR IGNORE INTO station_lines (station_id, line_id) VALUES ('station_yeouinaru', 'line_5');

INSERT OR IGNORE INTO station_aliases (station_id, alias) VALUES ('station_ahyeon', 'ahyeon');
INSERT OR IGNORE INTO station_aliases (station_id, alias) VALUES ('station_ahyeon', '아현');
INSERT OR IGNORE INTO station_aliases (station_id, alias) VALUES ('station_ahyeon', '阿峴');
INSERT OR IGNORE INTO station_aliases (station_id, alias) VALUES ('station_anguk', 'anguk');
INSERT OR IGNORE INTO station_aliases (station_id, alias) VALUES ('station_anguk', '안국');
INSERT OR IGNORE INTO station_aliases (station_id, alias) VALUES ('station_anguk', '安国');
INSERT OR IGNORE INTO station_aliases (station_id, alias) VALUES ('station_apgujeong', 'apgujeong');
INSERT OR IGNORE INTO station_aliases (station_id, alias) VALUES ('station_apgujeong', '압구정');
INSERT OR IGNORE INTO station_aliases (station_id, alias) VALUES ('station_apgujeong', '狎鷗亭');
INSERT OR IGNORE INTO station_aliases (station_id, alias) VALUES ('station_bangbae', 'bangbae');
INSERT OR IGNORE INTO station_aliases (station_id, alias) VALUES ('station_bangbae', '방배');
INSERT OR IGNORE INTO station_aliases (station_id, alias) VALUES ('station_bangbae', '方背');
INSERT OR IGNORE INTO station_aliases (station_id, alias) VALUES ('station_banghwa', 'banghwa');
INSERT OR IGNORE INTO station_aliases (station_id, alias) VALUES ('station_banghwa', '방화');
INSERT OR IGNORE INTO station_aliases (station_id, alias) VALUES ('station_banghwa', '傍花');
INSERT OR IGNORE INTO station_aliases (station_id, alias) VALUES ('station_beotiggogae', 'beotiggogae');
INSERT OR IGNORE INTO station_aliases (station_id, alias) VALUES ('station_beotiggogae', '버티고개');
INSERT OR IGNORE INTO station_aliases (station_id, alias) VALUES ('station_beotiggogae', 'ポティゴゲ');
INSERT OR IGNORE INTO station_aliases (station_id, alias) VALUES ('station_bongcheon', 'bongcheon');
INSERT OR IGNORE INTO station_aliases (station_id, alias) VALUES ('station_bongcheon', '봉천');
INSERT OR IGNORE INTO station_aliases (station_id, alias) VALUES ('station_bongcheon', '奉天');
INSERT OR IGNORE INTO station_aliases (station_id, alias) VALUES ('station_bongeunsa', 'bongeunsa');
INSERT OR IGNORE INTO station_aliases (station_id, alias) VALUES ('station_bongeunsa', '봉은사');
INSERT OR IGNORE INTO station_aliases (station_id, alias) VALUES ('station_bongeunsa', '奉恩寺');
INSERT OR IGNORE INTO station_aliases (station_id, alias) VALUES ('station_boramae', 'boramae');
INSERT OR IGNORE INTO station_aliases (station_id, alias) VALUES ('station_boramae', '보라매');
INSERT OR IGNORE INTO station_aliases (station_id, alias) VALUES ('station_boramae', 'ボラメ');
INSERT OR IGNORE INTO station_aliases (station_id, alias) VALUES ('station_cheonggu', 'cheonggu');
INSERT OR IGNORE INTO station_aliases (station_id, alias) VALUES ('station_cheonggu', '청구');
INSERT OR IGNORE INTO station_aliases (station_id, alias) VALUES ('station_cheonggu', '青丘');
INSERT OR IGNORE INTO station_aliases (station_id, alias) VALUES ('station_chungjeongno', 'chungjeongno');
INSERT OR IGNORE INTO station_aliases (station_id, alias) VALUES ('station_chungjeongno', '충정로');
INSERT OR IGNORE INTO station_aliases (station_id, alias) VALUES ('station_chungjeongno', '忠正路');
INSERT OR IGNORE INTO station_aliases (station_id, alias) VALUES ('station_chungmuro', 'chungmuro');
INSERT OR IGNORE INTO station_aliases (station_id, alias) VALUES ('station_chungmuro', '충무로');
INSERT OR IGNORE INTO station_aliases (station_id, alias) VALUES ('station_chungmuro', '忠武路');
INSERT OR IGNORE INTO station_aliases (station_id, alias) VALUES ('station_city-hall', 'city hall');
INSERT OR IGNORE INTO station_aliases (station_id, alias) VALUES ('station_city-hall', '시청');
INSERT OR IGNORE INTO station_aliases (station_id, alias) VALUES ('station_city-hall', '市庁');
INSERT OR IGNORE INTO station_aliases (station_id, alias) VALUES ('station_daecheong', 'daecheong');
INSERT OR IGNORE INTO station_aliases (station_id, alias) VALUES ('station_daecheong', '대청');
INSERT OR IGNORE INTO station_aliases (station_id, alias) VALUES ('station_daecheong', '大庁');
INSERT OR IGNORE INTO station_aliases (station_id, alias) VALUES ('station_daechi', 'daechi');
INSERT OR IGNORE INTO station_aliases (station_id, alias) VALUES ('station_daechi', '대치');
INSERT OR IGNORE INTO station_aliases (station_id, alias) VALUES ('station_daechi', '大峙');
INSERT OR IGNORE INTO station_aliases (station_id, alias) VALUES ('station_daerim', 'daerim');
INSERT OR IGNORE INTO station_aliases (station_id, alias) VALUES ('station_daerim', '대림');
INSERT OR IGNORE INTO station_aliases (station_id, alias) VALUES ('station_daerim', '大林');
INSERT OR IGNORE INTO station_aliases (station_id, alias) VALUES ('station_dangsan', 'dangsan');
INSERT OR IGNORE INTO station_aliases (station_id, alias) VALUES ('station_dangsan', '당산');
INSERT OR IGNORE INTO station_aliases (station_id, alias) VALUES ('station_dangsan', '堂山');
INSERT OR IGNORE INTO station_aliases (station_id, alias) VALUES ('station_dogok', 'dogok');
INSERT OR IGNORE INTO station_aliases (station_id, alias) VALUES ('station_dogok', '도곡');
INSERT OR IGNORE INTO station_aliases (station_id, alias) VALUES ('station_dogok', '道谷');
INSERT OR IGNORE INTO station_aliases (station_id, alias) VALUES ('station_dongdaemun', 'dongdaemun');
INSERT OR IGNORE INTO station_aliases (station_id, alias) VALUES ('station_dongdaemun', '동대문');
INSERT OR IGNORE INTO station_aliases (station_id, alias) VALUES ('station_dongdaemun', '東大門');
INSERT OR IGNORE INTO station_aliases (station_id, alias) VALUES ('station_dongdaemun-history-and-culture-park', 'dongdaemun history & culture park');
INSERT OR IGNORE INTO station_aliases (station_id, alias) VALUES ('station_dongdaemun-history-and-culture-park', '동대문역사문화공원');
INSERT OR IGNORE INTO station_aliases (station_id, alias) VALUES ('station_dongdaemun-history-and-culture-park', '東大門歴史文化公園');
INSERT OR IGNORE INTO station_aliases (station_id, alias) VALUES ('station_dongguk-univ', 'dongguk univ.');
INSERT OR IGNORE INTO station_aliases (station_id, alias) VALUES ('station_dongguk-univ', '동대입구');
INSERT OR IGNORE INTO station_aliases (station_id, alias) VALUES ('station_dongguk-univ', '東大入口');
INSERT OR IGNORE INTO station_aliases (station_id, alias) VALUES ('station_dongjak', 'dongjak');
INSERT OR IGNORE INTO station_aliases (station_id, alias) VALUES ('station_dongjak', '동작');
INSERT OR IGNORE INTO station_aliases (station_id, alias) VALUES ('station_dongjak', '銅雀');
INSERT OR IGNORE INTO station_aliases (station_id, alias) VALUES ('station_dongmyo', 'dongmyo');
INSERT OR IGNORE INTO station_aliases (station_id, alias) VALUES ('station_dongmyo', '동묘앞');
INSERT OR IGNORE INTO station_aliases (station_id, alias) VALUES ('station_dongmyo', '東廟前');
INSERT OR IGNORE INTO station_aliases (station_id, alias) VALUES ('station_euljiro-1-ga', 'euljiro 1-ga');
INSERT OR IGNORE INTO station_aliases (station_id, alias) VALUES ('station_euljiro-1-ga', '을지로입구');
INSERT OR IGNORE INTO station_aliases (station_id, alias) VALUES ('station_euljiro-1-ga', '乙支路入口');
INSERT OR IGNORE INTO station_aliases (station_id, alias) VALUES ('station_euljiro-3-ga', 'euljiro 3-ga');
INSERT OR IGNORE INTO station_aliases (station_id, alias) VALUES ('station_euljiro-3-ga', '을지로3가');
INSERT OR IGNORE INTO station_aliases (station_id, alias) VALUES ('station_euljiro-3-ga', '乙支路3街');
INSERT OR IGNORE INTO station_aliases (station_id, alias) VALUES ('station_euljiro-4-ga', 'euljiro 4-ga');
INSERT OR IGNORE INTO station_aliases (station_id, alias) VALUES ('station_euljiro-4-ga', '을지로4가');
INSERT OR IGNORE INTO station_aliases (station_id, alias) VALUES ('station_euljiro-4-ga', '乙支路4街');
INSERT OR IGNORE INTO station_aliases (station_id, alias) VALUES ('station_eungam', 'eungam');
INSERT OR IGNORE INTO station_aliases (station_id, alias) VALUES ('station_eungam', '응암');
INSERT OR IGNORE INTO station_aliases (station_id, alias) VALUES ('station_eungam', '鷹岩');
INSERT OR IGNORE INTO station_aliases (station_id, alias) VALUES ('station_ewha-womans-univ', 'ewha womans univ.');
INSERT OR IGNORE INTO station_aliases (station_id, alias) VALUES ('station_ewha-womans-univ', '이대');
INSERT OR IGNORE INTO station_aliases (station_id, alias) VALUES ('station_ewha-womans-univ', '梨大');
INSERT OR IGNORE INTO station_aliases (station_id, alias) VALUES ('station_express-bus-terminal', 'express bus terminal');
INSERT OR IGNORE INTO station_aliases (station_id, alias) VALUES ('station_express-bus-terminal', '고속터미널');
INSERT OR IGNORE INTO station_aliases (station_id, alias) VALUES ('station_express-bus-terminal', '高速ターミナル');
INSERT OR IGNORE INTO station_aliases (station_id, alias) VALUES ('station_gaehwa', 'gaehwa');
INSERT OR IGNORE INTO station_aliases (station_id, alias) VALUES ('station_gaehwa', '개화');
INSERT OR IGNORE INTO station_aliases (station_id, alias) VALUES ('station_gaehwa', '開花');
INSERT OR IGNORE INTO station_aliases (station_id, alias) VALUES ('station_gaehwasan', 'gaehwasan');
INSERT OR IGNORE INTO station_aliases (station_id, alias) VALUES ('station_gaehwasan', '개화산');
INSERT OR IGNORE INTO station_aliases (station_id, alias) VALUES ('station_gaehwasan', '開花山');
INSERT OR IGNORE INTO station_aliases (station_id, alias) VALUES ('station_gangbyeon', 'gangbyeon');
INSERT OR IGNORE INTO station_aliases (station_id, alias) VALUES ('station_gangbyeon', '강변');
INSERT OR IGNORE INTO station_aliases (station_id, alias) VALUES ('station_gangbyeon', '江辺');
INSERT OR IGNORE INTO station_aliases (station_id, alias) VALUES ('station_gangnam', 'gangnam');
INSERT OR IGNORE INTO station_aliases (station_id, alias) VALUES ('station_gangnam', '강남');
INSERT OR IGNORE INTO station_aliases (station_id, alias) VALUES ('station_gangnam', '江南');
INSERT OR IGNORE INTO station_aliases (station_id, alias) VALUES ('station_gasan-digital-complex', 'gasan digital complex');
INSERT OR IGNORE INTO station_aliases (station_id, alias) VALUES ('station_gasan-digital-complex', '가산디지털단지');
INSERT OR IGNORE INTO station_aliases (station_id, alias) VALUES ('station_gasan-digital-complex', '加山デジタル団地');
INSERT OR IGNORE INTO station_aliases (station_id, alias) VALUES ('station_geumho', 'geumho');
INSERT OR IGNORE INTO station_aliases (station_id, alias) VALUES ('station_geumho', '금호');
INSERT OR IGNORE INTO station_aliases (station_id, alias) VALUES ('station_geumho', '金湖');
INSERT OR IGNORE INTO station_aliases (station_id, alias) VALUES ('station_gireum', 'gireum');
INSERT OR IGNORE INTO station_aliases (station_id, alias) VALUES ('station_gireum', '길음');
INSERT OR IGNORE INTO station_aliases (station_id, alias) VALUES ('station_gireum', '吉音');
INSERT OR IGNORE INTO station_aliases (station_id, alias) VALUES ('station_guro-digital-complex', 'guro digital complex');
INSERT OR IGNORE INTO station_aliases (station_id, alias) VALUES ('station_guro-digital-complex', '구로디지털단지');
INSERT OR IGNORE INTO station_aliases (station_id, alias) VALUES ('station_guro-digital-complex', '九老デジタル団地');
INSERT OR IGNORE INTO station_aliases (station_id, alias) VALUES ('station_guui', 'guui');
INSERT OR IGNORE INTO station_aliases (station_id, alias) VALUES ('station_guui', '구의');
INSERT OR IGNORE INTO station_aliases (station_id, alias) VALUES ('station_guui', '九宜');
INSERT OR IGNORE INTO station_aliases (station_id, alias) VALUES ('station_gwanghwamun', 'gwanghwamun');
INSERT OR IGNORE INTO station_aliases (station_id, alias) VALUES ('station_gwanghwamun', '광화문');
INSERT OR IGNORE INTO station_aliases (station_id, alias) VALUES ('station_gwanghwamun', '光化門');
INSERT OR IGNORE INTO station_aliases (station_id, alias) VALUES ('station_gyeongbokgung', 'gyeongbokgung');
INSERT OR IGNORE INTO station_aliases (station_id, alias) VALUES ('station_gyeongbokgung', '경복궁');
INSERT OR IGNORE INTO station_aliases (station_id, alias) VALUES ('station_gyeongbokgung', '景福宮');
INSERT OR IGNORE INTO station_aliases (station_id, alias) VALUES ('station_hangangjin', 'hangangjin');
INSERT OR IGNORE INTO station_aliases (station_id, alias) VALUES ('station_hangangjin', '한강진');
INSERT OR IGNORE INTO station_aliases (station_id, alias) VALUES ('station_hangangjin', '漢江鎮');
INSERT OR IGNORE INTO station_aliases (station_id, alias) VALUES ('station_hangnyeoul', 'hangnyeoul');
INSERT OR IGNORE INTO station_aliases (station_id, alias) VALUES ('station_hangnyeoul', '학여울');
INSERT OR IGNORE INTO station_aliases (station_id, alias) VALUES ('station_hangnyeoul', 'ハンニョウル');
INSERT OR IGNORE INTO station_aliases (station_id, alias) VALUES ('station_hansung-univ', 'hansung univ.');
INSERT OR IGNORE INTO station_aliases (station_id, alias) VALUES ('station_hansung-univ', '한성대입구');
INSERT OR IGNORE INTO station_aliases (station_id, alias) VALUES ('station_hansung-univ', '漢城大入口');
INSERT OR IGNORE INTO station_aliases (station_id, alias) VALUES ('station_hanyang-univ', 'hanyang univ.');
INSERT OR IGNORE INTO station_aliases (station_id, alias) VALUES ('station_hanyang-univ', '한양대');
INSERT OR IGNORE INTO station_aliases (station_id, alias) VALUES ('station_hanyang-univ', '漢陽大');
INSERT OR IGNORE INTO station_aliases (station_id, alias) VALUES ('station_hapjeong', 'hapjeong');
INSERT OR IGNORE INTO station_aliases (station_id, alias) VALUES ('station_hapjeong', '합정');
INSERT OR IGNORE INTO station_aliases (station_id, alias) VALUES ('station_hapjeong', '合井');
INSERT OR IGNORE INTO station_aliases (station_id, alias) VALUES ('station_hoehyeon', 'hoehyeon');
INSERT OR IGNORE INTO station_aliases (station_id, alias) VALUES ('station_hoehyeon', '회현');
INSERT OR IGNORE INTO station_aliases (station_id, alias) VALUES ('station_hoehyeon', '会賢');
INSERT OR IGNORE INTO station_aliases (station_id, alias) VALUES ('station_hongik-univ', 'hongik univ.');
INSERT OR IGNORE INTO station_aliases (station_id, alias) VALUES ('station_hongik-univ', '홍대입구');
INSERT OR IGNORE INTO station_aliases (station_id, alias) VALUES ('station_hongik-univ', '弘大入口');
INSERT OR IGNORE INTO station_aliases (station_id, alias) VALUES ('station_hyehwa', 'hyehwa');
INSERT OR IGNORE INTO station_aliases (station_id, alias) VALUES ('station_hyehwa', '혜화');
INSERT OR IGNORE INTO station_aliases (station_id, alias) VALUES ('station_hyehwa', '恵化');
INSERT OR IGNORE INTO station_aliases (station_id, alias) VALUES ('station_irwon', 'irwon');
INSERT OR IGNORE INTO station_aliases (station_id, alias) VALUES ('station_irwon', '일원');
INSERT OR IGNORE INTO station_aliases (station_id, alias) VALUES ('station_irwon', '逸院');
INSERT OR IGNORE INTO station_aliases (station_id, alias) VALUES ('station_isu', 'isu');
INSERT OR IGNORE INTO station_aliases (station_id, alias) VALUES ('station_isu', '이수');
INSERT OR IGNORE INTO station_aliases (station_id, alias) VALUES ('station_isu', '梨水');
INSERT OR IGNORE INTO station_aliases (station_id, alias) VALUES ('station_itaewon', 'itaewon');
INSERT OR IGNORE INTO station_aliases (station_id, alias) VALUES ('station_itaewon', '이태원');
INSERT OR IGNORE INTO station_aliases (station_id, alias) VALUES ('station_itaewon', '梨泰院');
INSERT OR IGNORE INTO station_aliases (station_id, alias) VALUES ('station_jamsil', 'jamsil');
INSERT OR IGNORE INTO station_aliases (station_id, alias) VALUES ('station_jamsil', '잠실');
INSERT OR IGNORE INTO station_aliases (station_id, alias) VALUES ('station_jamsil', '蚕室');
INSERT OR IGNORE INTO station_aliases (station_id, alias) VALUES ('station_jamsillaru', 'jamsillaru');
INSERT OR IGNORE INTO station_aliases (station_id, alias) VALUES ('station_jamsillaru', '잠실나루');
INSERT OR IGNORE INTO station_aliases (station_id, alias) VALUES ('station_jamsillaru', 'チャムシルナル');
INSERT OR IGNORE INTO station_aliases (station_id, alias) VALUES ('station_jamsilsaenae', 'jamsilsaenae');
INSERT OR IGNORE INTO station_aliases (station_id, alias) VALUES ('station_jamsilsaenae', '잠실새내');
INSERT OR IGNORE INTO station_aliases (station_id, alias) VALUES ('station_jamsilsaenae', 'チャムシルセネ');
INSERT OR IGNORE INTO station_aliases (station_id, alias) VALUES ('station_jamwon', 'jamwon');
INSERT OR IGNORE INTO station_aliases (station_id, alias) VALUES ('station_jamwon', '잠원');
INSERT OR IGNORE INTO station_aliases (station_id, alias) VALUES ('station_jamwon', '蚕院');
INSERT OR IGNORE INTO station_aliases (station_id, alias) VALUES ('station_jangam', 'jangam');
INSERT OR IGNORE INTO station_aliases (station_id, alias) VALUES ('station_jangam', '장암');
INSERT OR IGNORE INTO station_aliases (station_id, alias) VALUES ('station_jangam', '長岩');
INSERT OR IGNORE INTO station_aliases (station_id, alias) VALUES ('station_jangseungbaegi', 'jangseungbaegi');
INSERT OR IGNORE INTO station_aliases (station_id, alias) VALUES ('station_jangseungbaegi', '장승배기');
INSERT OR IGNORE INTO station_aliases (station_id, alias) VALUES ('station_jangseungbaegi', 'チャンスンベギ');
INSERT OR IGNORE INTO station_aliases (station_id, alias) VALUES ('station_jonggak', 'jonggak');
INSERT OR IGNORE INTO station_aliases (station_id, alias) VALUES ('station_jonggak', '종각');
INSERT OR IGNORE INTO station_aliases (station_id, alias) VALUES ('station_jonggak', '鍾閣');
INSERT OR IGNORE INTO station_aliases (station_id, alias) VALUES ('station_jongno-3-ga', 'jongno 3-ga');
INSERT OR IGNORE INTO station_aliases (station_id, alias) VALUES ('station_jongno-3-ga', '종로3가');
INSERT OR IGNORE INTO station_aliases (station_id, alias) VALUES ('station_jongno-3-ga', '鍾路3街');
INSERT OR IGNORE INTO station_aliases (station_id, alias) VALUES ('station_jongno-5-ga', 'jongno 5-ga');
INSERT OR IGNORE INTO station_aliases (station_id, alias) VALUES ('station_jongno-5-ga', '종로5가');
INSERT OR IGNORE INTO station_aliases (station_id, alias) VALUES ('station_jongno-5-ga', '鍾路5街');
INSERT OR IGNORE INTO station_aliases (station_id, alias) VALUES ('station_konkuk-univ', 'konkuk univ.');
INSERT OR IGNORE INTO station_aliases (station_id, alias) VALUES ('station_konkuk-univ', '건대입구');
INSERT OR IGNORE INTO station_aliases (station_id, alias) VALUES ('station_konkuk-univ', '建大入口');
INSERT OR IGNORE INTO station_aliases (station_id, alias) VALUES ('station_maebong', 'maebong');
INSERT OR IGNORE INTO station_aliases (station_id, alias) VALUES ('station_maebong', '매봉');
INSERT OR IGNORE INTO station_aliases (station_id, alias) VALUES ('station_maebong', '梅峰');
INSERT OR IGNORE INTO station_aliases (station_id, alias) VALUES ('station_mapo', 'mapo');
INSERT OR IGNORE INTO station_aliases (station_id, alias) VALUES ('station_mapo', '마포');
INSERT OR IGNORE INTO station_aliases (station_id, alias) VALUES ('station_mapo', '麻浦');
INSERT OR IGNORE INTO station_aliases (station_id, alias) VALUES ('station_mia-sageori', 'mia sageori');
INSERT OR IGNORE INTO station_aliases (station_id, alias) VALUES ('station_mia-sageori', '미아사거리');
INSERT OR IGNORE INTO station_aliases (station_id, alias) VALUES ('station_mia-sageori', 'ミア交差路');
INSERT OR IGNORE INTO station_aliases (station_id, alias) VALUES ('station_moran', 'moran');
INSERT OR IGNORE INTO station_aliases (station_id, alias) VALUES ('station_moran', '모란');
INSERT OR IGNORE INTO station_aliases (station_id, alias) VALUES ('station_moran', '牡丹');
INSERT OR IGNORE INTO station_aliases (station_id, alias) VALUES ('station_mullae', 'mullae');
INSERT OR IGNORE INTO station_aliases (station_id, alias) VALUES ('station_mullae', '문래');
INSERT OR IGNORE INTO station_aliases (station_id, alias) VALUES ('station_mullae', '文来');
INSERT OR IGNORE INTO station_aliases (station_id, alias) VALUES ('station_myeongdong', 'myeongdong');
INSERT OR IGNORE INTO station_aliases (station_id, alias) VALUES ('station_myeongdong', '명동');
INSERT OR IGNORE INTO station_aliases (station_id, alias) VALUES ('station_myeongdong', '明洞');
INSERT OR IGNORE INTO station_aliases (station_id, alias) VALUES ('station_nakseongdae', 'nakseongdae');
INSERT OR IGNORE INTO station_aliases (station_id, alias) VALUES ('station_nakseongdae', '낙성대');
INSERT OR IGNORE INTO station_aliases (station_id, alias) VALUES ('station_nakseongdae', '落星台');
INSERT OR IGNORE INTO station_aliases (station_id, alias) VALUES ('station_nambu-bus-terminal', 'nambu bus terminal');
INSERT OR IGNORE INTO station_aliases (station_id, alias) VALUES ('station_nambu-bus-terminal', '남부터미널');
INSERT OR IGNORE INTO station_aliases (station_id, alias) VALUES ('station_nambu-bus-terminal', '南部ターミナル');
INSERT OR IGNORE INTO station_aliases (station_id, alias) VALUES ('station_namseong', 'namseong');
INSERT OR IGNORE INTO station_aliases (station_id, alias) VALUES ('station_namseong', '남성');
INSERT OR IGNORE INTO station_aliases (station_id, alias) VALUES ('station_namseong', '南城');
INSERT OR IGNORE INTO station_aliases (station_id, alias) VALUES ('station_noksapyeong', 'noksapyeong');
INSERT OR IGNORE INTO station_aliases (station_id, alias) VALUES ('station_noksapyeong', '녹사평');
INSERT OR IGNORE INTO station_aliases (station_id, alias) VALUES ('station_noksapyeong', '緑莎坪');
INSERT OR IGNORE INTO station_aliases (station_id, alias) VALUES ('station_oksu', 'oksu');
INSERT OR IGNORE INTO station_aliases (station_id, alias) VALUES ('station_oksu', '옥수');
INSERT OR IGNORE INTO station_aliases (station_id, alias) VALUES ('station_oksu', '玉水');
INSERT OR IGNORE INTO station_aliases (station_id, alias) VALUES ('station_sadang', 'sadang');
INSERT OR IGNORE INTO station_aliases (station_id, alias) VALUES ('station_sadang', '사당');
INSERT OR IGNORE INTO station_aliases (station_id, alias) VALUES ('station_sadang', '舎堂');
INSERT OR IGNORE INTO station_aliases (station_id, alias) VALUES ('station_samgakji', 'samgakji');
INSERT OR IGNORE INTO station_aliases (station_id, alias) VALUES ('station_samgakji', '삼각지');
INSERT OR IGNORE INTO station_aliases (station_id, alias) VALUES ('station_samgakji', '三角地');
INSERT OR IGNORE INTO station_aliases (station_id, alias) VALUES ('station_samjeon', 'samjeon');
INSERT OR IGNORE INTO station_aliases (station_id, alias) VALUES ('station_samjeon', '삼전');
INSERT OR IGNORE INTO station_aliases (station_id, alias) VALUES ('station_samjeon', '三田');
INSERT OR IGNORE INTO station_aliases (station_id, alias) VALUES ('station_samseong', 'samseong');
INSERT OR IGNORE INTO station_aliases (station_id, alias) VALUES ('station_samseong', '삼성');
INSERT OR IGNORE INTO station_aliases (station_id, alias) VALUES ('station_samseong', '三成');
INSERT OR IGNORE INTO station_aliases (station_id, alias) VALUES ('station_samsung-jungang', 'samsung jungang');
INSERT OR IGNORE INTO station_aliases (station_id, alias) VALUES ('station_samsung-jungang', '삼성중앙');
INSERT OR IGNORE INTO station_aliases (station_id, alias) VALUES ('station_samsung-jungang', '三成中央');
INSERT OR IGNORE INTO station_aliases (station_id, alias) VALUES ('station_sangdo', 'sangdo');
INSERT OR IGNORE INTO station_aliases (station_id, alias) VALUES ('station_sangdo', '상도');
INSERT OR IGNORE INTO station_aliases (station_id, alias) VALUES ('station_sangdo', '上道');
INSERT OR IGNORE INTO station_aliases (station_id, alias) VALUES ('station_sangsu', 'sangsu');
INSERT OR IGNORE INTO station_aliases (station_id, alias) VALUES ('station_sangsu', '상수');
INSERT OR IGNORE INTO station_aliases (station_id, alias) VALUES ('station_sangsu', '上水');
INSERT OR IGNORE INTO station_aliases (station_id, alias) VALUES ('station_sangwangsimni', 'sangwangsimni');
INSERT OR IGNORE INTO station_aliases (station_id, alias) VALUES ('station_sangwangsimni', '상왕십리');
INSERT OR IGNORE INTO station_aliases (station_id, alias) VALUES ('station_sangwangsimni', '上往十里');
INSERT OR IGNORE INTO station_aliases (station_id, alias) VALUES ('station_seocho', 'seocho');
INSERT OR IGNORE INTO station_aliases (station_id, alias) VALUES ('station_seocho', '서초');
INSERT OR IGNORE INTO station_aliases (station_id, alias) VALUES ('station_seocho', '瑞草');
INSERT OR IGNORE INTO station_aliases (station_id, alias) VALUES ('station_seokchon', 'seokchon');
INSERT OR IGNORE INTO station_aliases (station_id, alias) VALUES ('station_seokchon', '석촌');
INSERT OR IGNORE INTO station_aliases (station_id, alias) VALUES ('station_seokchon', '石村');
INSERT OR IGNORE INTO station_aliases (station_id, alias) VALUES ('station_seokchon-ancient-tombs', 'seokchon ancient tombs');
INSERT OR IGNORE INTO station_aliases (station_id, alias) VALUES ('station_seokchon-ancient-tombs', '석촌고분');
INSERT OR IGNORE INTO station_aliases (station_id, alias) VALUES ('station_seokchon-ancient-tombs', '石村古墳');
INSERT OR IGNORE INTO station_aliases (station_id, alias) VALUES ('station_seolleung', 'seolleung');
INSERT OR IGNORE INTO station_aliases (station_id, alias) VALUES ('station_seolleung', '선릉');
INSERT OR IGNORE INTO station_aliases (station_id, alias) VALUES ('station_seolleung', '宣陵');
INSERT OR IGNORE INTO station_aliases (station_id, alias) VALUES ('station_seongsu', 'seongsu');
INSERT OR IGNORE INTO station_aliases (station_id, alias) VALUES ('station_seongsu', '성수');
INSERT OR IGNORE INTO station_aliases (station_id, alias) VALUES ('station_seongsu', '聖水');
INSERT OR IGNORE INTO station_aliases (station_id, alias) VALUES ('station_seonjeongneung', 'seonjeongneung');
INSERT OR IGNORE INTO station_aliases (station_id, alias) VALUES ('station_seonjeongneung', '선정릉');
INSERT OR IGNORE INTO station_aliases (station_id, alias) VALUES ('station_seonjeongneung', '宣靖陵');
INSERT OR IGNORE INTO station_aliases (station_id, alias) VALUES ('station_seoul-natl-univ', 'seoul nat''l univ.');
INSERT OR IGNORE INTO station_aliases (station_id, alias) VALUES ('station_seoul-natl-univ', '서울대입구');
INSERT OR IGNORE INTO station_aliases (station_id, alias) VALUES ('station_seoul-natl-univ', 'ソウル大入口');
INSERT OR IGNORE INTO station_aliases (station_id, alias) VALUES ('station_seoul-natl-univ-of-education', 'seoul nat''l univ. of education');
INSERT OR IGNORE INTO station_aliases (station_id, alias) VALUES ('station_seoul-natl-univ-of-education', '교대');
INSERT OR IGNORE INTO station_aliases (station_id, alias) VALUES ('station_seoul-natl-univ-of-education', '教大');
INSERT OR IGNORE INTO station_aliases (station_id, alias) VALUES ('station_seoul-station', 'seoul station');
INSERT OR IGNORE INTO station_aliases (station_id, alias) VALUES ('station_seoul-station', '서울역');
INSERT OR IGNORE INTO station_aliases (station_id, alias) VALUES ('station_seoul-station', 'ソウル駅');
INSERT OR IGNORE INTO station_aliases (station_id, alias) VALUES ('station_sillim', 'sillim');
INSERT OR IGNORE INTO station_aliases (station_id, alias) VALUES ('station_sillim', '신림');
INSERT OR IGNORE INTO station_aliases (station_id, alias) VALUES ('station_sillim', '新林');
INSERT OR IGNORE INTO station_aliases (station_id, alias) VALUES ('station_sinchon', 'sinchon');
INSERT OR IGNORE INTO station_aliases (station_id, alias) VALUES ('station_sinchon', '신촌');
INSERT OR IGNORE INTO station_aliases (station_id, alias) VALUES ('station_sinchon', '新村');
INSERT OR IGNORE INTO station_aliases (station_id, alias) VALUES ('station_sindaebang', 'sindaebang');
INSERT OR IGNORE INTO station_aliases (station_id, alias) VALUES ('station_sindaebang', '신대방');
INSERT OR IGNORE INTO station_aliases (station_id, alias) VALUES ('station_sindaebang', '新大方');
INSERT OR IGNORE INTO station_aliases (station_id, alias) VALUES ('station_sindaebang-samgeori', 'sindaebang samgeori');
INSERT OR IGNORE INTO station_aliases (station_id, alias) VALUES ('station_sindaebang-samgeori', '신대방삼거리');
INSERT OR IGNORE INTO station_aliases (station_id, alias) VALUES ('station_sindaebang-samgeori', '新大方三叉路');
INSERT OR IGNORE INTO station_aliases (station_id, alias) VALUES ('station_sindang', 'sindang');
INSERT OR IGNORE INTO station_aliases (station_id, alias) VALUES ('station_sindang', '신당');
INSERT OR IGNORE INTO station_aliases (station_id, alias) VALUES ('station_sindang', '新堂');
INSERT OR IGNORE INTO station_aliases (station_id, alias) VALUES ('station_sindorim', 'sindorim');
INSERT OR IGNORE INTO station_aliases (station_id, alias) VALUES ('station_sindorim', '신도림');
INSERT OR IGNORE INTO station_aliases (station_id, alias) VALUES ('station_sindorim', '新道林');
INSERT OR IGNORE INTO station_aliases (station_id, alias) VALUES ('station_sinnonhyeon', 'sinnonhyeon');
INSERT OR IGNORE INTO station_aliases (station_id, alias) VALUES ('station_sinnonhyeon', '신논현');
INSERT OR IGNORE INTO station_aliases (station_id, alias) VALUES ('station_sinnonhyeon', '新論峴');
INSERT OR IGNORE INTO station_aliases (station_id, alias) VALUES ('station_sinpung', 'sinpung');
INSERT OR IGNORE INTO station_aliases (station_id, alias) VALUES ('station_sinpung', '신풍');
INSERT OR IGNORE INTO station_aliases (station_id, alias) VALUES ('station_sinpung', '新豊');
INSERT OR IGNORE INTO station_aliases (station_id, alias) VALUES ('station_sinsa', 'sinsa');
INSERT OR IGNORE INTO station_aliases (station_id, alias) VALUES ('station_sinsa', '신사');
INSERT OR IGNORE INTO station_aliases (station_id, alias) VALUES ('station_sinsa', '新沙');
INSERT OR IGNORE INTO station_aliases (station_id, alias) VALUES ('station_sookmyung-womens-univ', 'sookmyung women''s univ.');
INSERT OR IGNORE INTO station_aliases (station_id, alias) VALUES ('station_sookmyung-womens-univ', '숙대입구');
INSERT OR IGNORE INTO station_aliases (station_id, alias) VALUES ('station_sookmyung-womens-univ', '淑大入口');
INSERT OR IGNORE INTO station_aliases (station_id, alias) VALUES ('station_soongsil-univ', 'soongsil univ.');
INSERT OR IGNORE INTO station_aliases (station_id, alias) VALUES ('station_soongsil-univ', '숭실대입구');
INSERT OR IGNORE INTO station_aliases (station_id, alias) VALUES ('station_soongsil-univ', '崇実大入口');
INSERT OR IGNORE INTO station_aliases (station_id, alias) VALUES ('station_sports-complex', 'sports complex');
INSERT OR IGNORE INTO station_aliases (station_id, alias) VALUES ('station_sports-complex', '종합운동장');
INSERT OR IGNORE INTO station_aliases (station_id, alias) VALUES ('station_sports-complex', '総合運動場');
INSERT OR IGNORE INTO station_aliases (station_id, alias) VALUES ('station_sungshin-womens-univ', 'sungshin women''s univ.');
INSERT OR IGNORE INTO station_aliases (station_id, alias) VALUES ('station_sungshin-womens-univ', '성신여대입구');
INSERT OR IGNORE INTO station_aliases (station_id, alias) VALUES ('station_sungshin-womens-univ', '誠信女大入口');
INSERT OR IGNORE INTO station_aliases (station_id, alias) VALUES ('station_suseo', 'suseo');
INSERT OR IGNORE INTO station_aliases (station_id, alias) VALUES ('station_suseo', '수서');
INSERT OR IGNORE INTO station_aliases (station_id, alias) VALUES ('station_suseo', '水西');
INSERT OR IGNORE INTO station_aliases (station_id, alias) VALUES ('station_ttukseom', 'ttukseom');
INSERT OR IGNORE INTO station_aliases (station_id, alias) VALUES ('station_ttukseom', '뚝섬');
INSERT OR IGNORE INTO station_aliases (station_id, alias) VALUES ('station_ttukseom', 'トゥクソム');
INSERT OR IGNORE INTO station_aliases (station_id, alias) VALUES ('station_wangsimni', 'wangsimni');
INSERT OR IGNORE INTO station_aliases (station_id, alias) VALUES ('station_wangsimni', '왕십리');
INSERT OR IGNORE INTO station_aliases (station_id, alias) VALUES ('station_wangsimni', '往十里');
INSERT OR IGNORE INTO station_aliases (station_id, alias) VALUES ('station_yaksu', 'yaksu');
INSERT OR IGNORE INTO station_aliases (station_id, alias) VALUES ('station_yaksu', '약수');
INSERT OR IGNORE INTO station_aliases (station_id, alias) VALUES ('station_yaksu', '薬水');
INSERT OR IGNORE INTO station_aliases (station_id, alias) VALUES ('station_yangjae', 'yangjae');
INSERT OR IGNORE INTO station_aliases (station_id, alias) VALUES ('station_yangjae', '양재');
INSERT OR IGNORE INTO station_aliases (station_id, alias) VALUES ('station_yangjae', '良才');
INSERT OR IGNORE INTO station_aliases (station_id, alias) VALUES ('station_yeoksam', 'yeoksam');
INSERT OR IGNORE INTO station_aliases (station_id, alias) VALUES ('station_yeoksam', '역삼');
INSERT OR IGNORE INTO station_aliases (station_id, alias) VALUES ('station_yeoksam', '駅三');
INSERT OR IGNORE INTO station_aliases (station_id, alias) VALUES ('station_yeongdeungpo-gu-office', 'yeongdeungpo-gu office');
INSERT OR IGNORE INTO station_aliases (station_id, alias) VALUES ('station_yeongdeungpo-gu-office', '영등포구청');
INSERT OR IGNORE INTO station_aliases (station_id, alias) VALUES ('station_yeongdeungpo-gu-office', '永登浦区庁');
INSERT OR IGNORE INTO station_aliases (station_id, alias) VALUES ('station_yeouido', 'yeouido');
INSERT OR IGNORE INTO station_aliases (station_id, alias) VALUES ('station_yeouido', '여의도');
INSERT OR IGNORE INTO station_aliases (station_id, alias) VALUES ('station_yeouido', '汝矣島');
INSERT OR IGNORE INTO station_aliases (station_id, alias) VALUES ('station_yeouinaru', 'yeouinaru');
INSERT OR IGNORE INTO station_aliases (station_id, alias) VALUES ('station_yeouinaru', '여의나루');
INSERT OR IGNORE INTO station_aliases (station_id, alias) VALUES ('station_yeouinaru', '汝矣ナル');

INSERT OR IGNORE INTO connections (from_station_id, to_station_id, line_id, travel_time_sec) VALUES ('station_seoul-station', 'station_city-hall', 'line_1', 120);
INSERT OR IGNORE INTO connections (from_station_id, to_station_id, line_id, travel_time_sec) VALUES ('station_city-hall', 'station_seoul-station', 'line_1', 120);
INSERT OR IGNORE INTO connections (from_station_id, to_station_id, line_id, travel_time_sec) VALUES ('station_city-hall', 'station_jonggak', 'line_1', 150);
INSERT OR IGNORE INTO connections (from_station_id, to_station_id, line_id, travel_time_sec) VALUES ('station_jonggak', 'station_city-hall', 'line_1', 150);
INSERT OR IGNORE INTO connections (from_station_id, to_station_id, line_id, travel_time_sec) VALUES ('station_jonggak', 'station_jongno-3-ga', 'line_1', 180);
INSERT OR IGNORE INTO connections (from_station_id, to_station_id, line_id, travel_time_sec) VALUES ('station_jongno-3-ga', 'station_jonggak', 'line_1', 180);
INSERT OR IGNORE INTO connections (from_station_id, to_station_id, line_id, travel_time_sec) VALUES ('station_jongno-3-ga', 'station_jongno-5-ga', 'line_1', 120);
INSERT OR IGNORE INTO connections (from_station_id, to_station_id, line_id, travel_time_sec) VALUES ('station_jongno-5-ga', 'station_jongno-3-ga', 'line_1', 120);
INSERT OR IGNORE INTO connections (from_station_id, to_station_id, line_id, travel_time_sec) VALUES ('station_jongno-5-ga', 'station_dongdaemun', 'line_1', 150);
INSERT OR IGNORE INTO connections (from_station_id, to_station_id, line_id, travel_time_sec) VALUES ('station_dongdaemun', 'station_jongno-5-ga', 'line_1', 150);
INSERT OR IGNORE INTO connections (from_station_id, to_station_id, line_id, travel_time_sec) VALUES ('station_dongdaemun', 'station_dongmyo', 'line_1', 180);
INSERT OR IGNORE INTO connections (from_station_id, to_station_id, line_id, travel_time_sec) VALUES ('station_dongmyo', 'station_dongdaemun', 'line_1', 180);
INSERT OR IGNORE INTO connections (from_station_id, to_station_id, line_id, travel_time_sec) VALUES ('station_city-hall', 'station_euljiro-1-ga', 'line_2', 150);
INSERT OR IGNORE INTO connections (from_station_id, to_station_id, line_id, travel_time_sec) VALUES ('station_euljiro-1-ga', 'station_city-hall', 'line_2', 150);
INSERT OR IGNORE INTO connections (from_station_id, to_station_id, line_id, travel_time_sec) VALUES ('station_euljiro-1-ga', 'station_euljiro-3-ga', 'line_2', 180);
INSERT OR IGNORE INTO connections (from_station_id, to_station_id, line_id, travel_time_sec) VALUES ('station_euljiro-3-ga', 'station_euljiro-1-ga', 'line_2', 180);
INSERT OR IGNORE INTO connections (from_station_id, to_station_id, line_id, travel_time_sec) VALUES ('station_euljiro-3-ga', 'station_euljiro-4-ga', 'line_2', 120);
INSERT OR IGNORE INTO connections (from_station_id, to_station_id, line_id, travel_time_sec) VALUES ('station_euljiro-4-ga', 'station_euljiro-3-ga', 'line_2', 120);
INSERT OR IGNORE INTO connections (from_station_id, to_station_id, line_id, travel_time_sec) VALUES ('station_euljiro-4-ga', 'station_dongdaemun-history-and-culture-park', 'line_2', 150);
INSERT OR IGNORE INTO connections (from_station_id, to_station_id, line_id, travel_time_sec) VALUES ('station_dongdaemun-history-and-culture-park', 'station_euljiro-4-ga', 'line_2', 150);
INSERT OR IGNORE INTO connections (from_station_id, to_station_id, line_id, travel_time_sec) VALUES ('station_dongdaemun-history-and-culture-park', 'station_sindang', 'line_2', 180);
INSERT OR IGNORE INTO connections (from_station_id, to_station_id, line_id, travel_time_sec) VALUES ('station_sindang', 'station_dongdaemun-history-and-culture-park', 'line_2', 180);
INSERT OR IGNORE INTO connections (from_station_id, to_station_id, line_id, travel_time_sec) VALUES ('station_sindang', 'station_sangwangsimni', 'line_2', 120);
INSERT OR IGNORE INTO connections (from_station_id, to_station_id, line_id, travel_time_sec) VALUES ('station_sangwangsimni', 'station_sindang', 'line_2', 120);
INSERT OR IGNORE INTO connections (from_station_id, to_station_id, line_id, travel_time_sec) VALUES ('station_sangwangsimni', 'station_wangsimni', 'line_2', 150);
INSERT OR IGNORE INTO connections (from_station_id, to_station_id, line_id, travel_time_sec) VALUES ('station_wangsimni', 'station_sangwangsimni', 'line_2', 150);
INSERT OR IGNORE INTO connections (from_station_id, to_station_id, line_id, travel_time_sec) VALUES ('station_wangsimni', 'station_hanyang-univ', 'line_2', 180);
INSERT OR IGNORE INTO connections (from_station_id, to_station_id, line_id, travel_time_sec) VALUES ('station_hanyang-univ', 'station_wangsimni', 'line_2', 180);
INSERT OR IGNORE INTO connections (from_station_id, to_station_id, line_id, travel_time_sec) VALUES ('station_hanyang-univ', 'station_ttukseom', 'line_2', 120);
INSERT OR IGNORE INTO connections (from_station_id, to_station_id, line_id, travel_time_sec) VALUES ('station_ttukseom', 'station_hanyang-univ', 'line_2', 120);
INSERT OR IGNORE INTO connections (from_station_id, to_station_id, line_id, travel_time_sec) VALUES ('station_ttukseom', 'station_seongsu', 'line_2', 150);
INSERT OR IGNORE INTO connections (from_station_id, to_station_id, line_id, travel_time_sec) VALUES ('station_seongsu', 'station_ttukseom', 'line_2', 150);
INSERT OR IGNORE INTO connections (from_station_id, to_station_id, line_id, travel_time_sec) VALUES ('station_seongsu', 'station_konkuk-univ', 'line_2', 180);
INSERT OR IGNORE INTO connections (from_station_id, to_station_id, line_id, travel_time_sec) VALUES ('station_konkuk-univ', 'station_seongsu', 'line_2', 180);
INSERT OR IGNORE INTO connections (from_station_id, to_station_id, line_id, travel_time_sec) VALUES ('station_konkuk-univ', 'station_guui', 'line_2', 120);
INSERT OR IGNORE INTO connections (from_station_id, to_station_id, line_id, travel_time_sec) VALUES ('station_guui', 'station_konkuk-univ', 'line_2', 120);
INSERT OR IGNORE INTO connections (from_station_id, to_station_id, line_id, travel_time_sec) VALUES ('station_guui', 'station_gangbyeon', 'line_2', 150);
INSERT OR IGNORE INTO connections (from_station_id, to_station_id, line_id, travel_time_sec) VALUES ('station_gangbyeon', 'station_guui', 'line_2', 150);
INSERT OR IGNORE INTO connections (from_station_id, to_station_id, line_id, travel_time_sec) VALUES ('station_gangbyeon', 'station_jamsillaru', 'line_2', 180);
INSERT OR IGNORE INTO connections (from_station_id, to_station_id, line_id, travel_time_sec) VALUES ('station_jamsillaru', 'station_gangbyeon', 'line_2', 180);
INSERT OR IGNORE INTO connections (from_station_id, to_station_id, line_id, travel_time_sec) VALUES ('station_jamsillaru', 'station_jamsil', 'line_2', 120);
INSERT OR IGNORE INTO connections (from_station_id, to_station_id, line_id, travel_time_sec) VALUES ('station_jamsil', 'station_jamsillaru', 'line_2', 120);
INSERT OR IGNORE INTO connections (from_station_id, to_station_id, line_id, travel_time_sec) VALUES ('station_jamsil', 'station_jamsilsaenae', 'line_2', 150);
INSERT OR IGNORE INTO connections (from_station_id, to_station_id, line_id, travel_time_sec) VALUES ('station_jamsilsaenae', 'station_jamsil', 'line_2', 150);
INSERT OR IGNORE INTO connections (from_station_id, to_station_id, line_id, travel_time_sec) VALUES ('station_jamsilsaenae', 'station_sports-complex', 'line_2', 180);
INSERT OR IGNORE INTO connections (from_station_id, to_station_id, line_id, travel_time_sec) VALUES ('station_sports-complex', 'station_jamsilsaenae', 'line_2', 180);
INSERT OR IGNORE INTO connections (from_station_id, to_station_id, line_id, travel_time_sec) VALUES ('station_sports-complex', 'station_samseong', 'line_2', 120);
INSERT OR IGNORE INTO connections (from_station_id, to_station_id, line_id, travel_time_sec) VALUES ('station_samseong', 'station_sports-complex', 'line_2', 120);
INSERT OR IGNORE INTO connections (from_station_id, to_station_id, line_id, travel_time_sec) VALUES ('station_samseong', 'station_seolleung', 'line_2', 150);
INSERT OR IGNORE INTO connections (from_station_id, to_station_id, line_id, travel_time_sec) VALUES ('station_seolleung', 'station_samseong', 'line_2', 150);
INSERT OR IGNORE INTO connections (from_station_id, to_station_id, line_id, travel_time_sec) VALUES ('station_seolleung', 'station_yeoksam', 'line_2', 180);
INSERT OR IGNORE INTO connections (from_station_id, to_station_id, line_id, travel_time_sec) VALUES ('station_yeoksam', 'station_seolleung', 'line_2', 180);
INSERT OR IGNORE INTO connections (from_station_id, to_station_id, line_id, travel_time_sec) VALUES ('station_yeoksam', 'station_gangnam', 'line_2', 120);
INSERT OR IGNORE INTO connections (from_station_id, to_station_id, line_id, travel_time_sec) VALUES ('station_gangnam', 'station_yeoksam', 'line_2', 120);
INSERT OR IGNORE INTO connections (from_station_id, to_station_id, line_id, travel_time_sec) VALUES ('station_gangnam', 'station_seoul-natl-univ-of-education', 'line_2', 150);
INSERT OR IGNORE INTO connections (from_station_id, to_station_id, line_id, travel_time_sec) VALUES ('station_seoul-natl-univ-of-education', 'station_gangnam', 'line_2', 150);
INSERT OR IGNORE INTO connections (from_station_id, to_station_id, line_id, travel_time_sec) VALUES ('station_seoul-natl-univ-of-education', 'station_seocho', 'line_2', 180);
INSERT OR IGNORE INTO connections (from_station_id, to_station_id, line_id, travel_time_sec) VALUES ('station_seocho', 'station_seoul-natl-univ-of-education', 'line_2', 180);
INSERT OR IGNORE INTO connections (from_station_id, to_station_id, line_id, travel_time_sec) VALUES ('station_seocho', 'station_bangbae', 'line_2', 120);
INSERT OR IGNORE INTO connections (from_station_id, to_station_id, line_id, travel_time_sec) VALUES ('station_bangbae', 'station_seocho', 'line_2', 120);
INSERT OR IGNORE INTO connections (from_station_id, to_station_id, line_id, travel_time_sec) VALUES ('station_bangbae', 'station_sadang', 'line_2', 150);
INSERT OR IGNORE INTO connections (from_station_id, to_station_id, line_id, travel_time_sec) VALUES ('station_sadang', 'station_bangbae', 'line_2', 150);
INSERT OR IGNORE INTO connections (from_station_id, to_station_id, line_id, travel_time_sec) VALUES ('station_sadang', 'station_nakseongdae', 'line_2', 180);
INSERT OR IGNORE INTO connections (from_station_id, to_station_id, line_id, travel_time_sec) VALUES ('station_nakseongdae', 'station_sadang', 'line_2', 180);
INSERT OR IGNORE INTO connections (from_station_id, to_station_id, line_id, travel_time_sec) VALUES ('station_nakseongdae', 'station_seoul-natl-univ', 'line_2', 120);
INSERT OR IGNORE INTO connections (from_station_id, to_station_id, line_id, travel_time_sec) VALUES ('station_seoul-natl-univ', 'station_nakseongdae', 'line_2', 120);
INSERT OR IGNORE INTO connections (from_station_id, to_station_id, line_id, travel_time_sec) VALUES ('station_seoul-natl-univ', 'station_bongcheon', 'line_2', 150);
INSERT OR IGNORE INTO connections (from_station_id, to_station_id, line_id, travel_time_sec) VALUES ('station_bongcheon', 'station_seoul-natl-univ', 'line_2', 150);
INSERT OR IGNORE INTO connections (from_station_id, to_station_id, line_id, travel_time_sec) VALUES ('station_bongcheon', 'station_sillim', 'line_2', 180);
INSERT OR IGNORE INTO connections (from_station_id, to_station_id, line_id, travel_time_sec) VALUES ('station_sillim', 'station_bongcheon', 'line_2', 180);
INSERT OR IGNORE INTO connections (from_station_id, to_station_id, line_id, travel_time_sec) VALUES ('station_sillim', 'station_sindaebang', 'line_2', 120);
INSERT OR IGNORE INTO connections (from_station_id, to_station_id, line_id, travel_time_sec) VALUES ('station_sindaebang', 'station_sillim', 'line_2', 120);
INSERT OR IGNORE INTO connections (from_station_id, to_station_id, line_id, travel_time_sec) VALUES ('station_sindaebang', 'station_guro-digital-complex', 'line_2', 150);
INSERT OR IGNORE INTO connections (from_station_id, to_station_id, line_id, travel_time_sec) VALUES ('station_guro-digital-complex', 'station_sindaebang', 'line_2', 150);
INSERT OR IGNORE INTO connections (from_station_id, to_station_id, line_id, travel_time_sec) VALUES ('station_guro-digital-complex', 'station_daerim', 'line_2', 180);
INSERT OR IGNORE INTO connections (from_station_id, to_station_id, line_id, travel_time_sec) VALUES ('station_daerim', 'station_guro-digital-complex', 'line_2', 180);
INSERT OR IGNORE INTO connections (from_station_id, to_station_id, line_id, travel_time_sec) VALUES ('station_daerim', 'station_sindorim', 'line_2', 120);
INSERT OR IGNORE INTO connections (from_station_id, to_station_id, line_id, travel_time_sec) VALUES ('station_sindorim', 'station_daerim', 'line_2', 120);
INSERT OR IGNORE INTO connections (from_station_id, to_station_id, line_id, travel_time_sec) VALUES ('station_sindorim', 'station_mullae', 'line_2', 150);
INSERT OR IGNORE INTO connections (from_station_id, to_station_id, line_id, travel_time_sec) VALUES ('station_mullae', 'station_sindorim', 'line_2', 150);
INSERT OR IGNORE INTO connections (from_station_id, to_station_id, line_id, travel_time_sec) VALUES ('station_mullae', 'station_yeongdeungpo-gu-office', 'line_2', 180);
INSERT OR IGNORE INTO connections (from_station_id, to_station_id, line_id, travel_time_sec) VALUES ('station_yeongdeungpo-gu-office', 'station_mullae', 'line_2', 180);
INSERT OR IGNORE INTO connections (from_station_id, to_station_id, line_id, travel_time_sec) VALUES ('station_yeongdeungpo-gu-office', 'station_dangsan', 'line_2', 120);
INSERT OR IGNORE INTO connections (from_station_id, to_station_id, line_id, travel_time_sec) VALUES ('station_dangsan', 'station_yeongdeungpo-gu-office', 'line_2', 120);
INSERT OR IGNORE INTO connections (from_station_id, to_station_id, line_id, travel_time_sec) VALUES ('station_dangsan', 'station_hapjeong', 'line_2', 150);
INSERT OR IGNORE INTO connections (from_station_id, to_station_id, line_id, travel_time_sec) VALUES ('station_hapjeong', 'station_dangsan', 'line_2', 150);
INSERT OR IGNORE INTO connections (from_station_id, to_station_id, line_id, travel_time_sec) VALUES ('station_hapjeong', 'station_hongik-univ', 'line_2', 180);
INSERT OR IGNORE INTO connections (from_station_id, to_station_id, line_id, travel_time_sec) VALUES ('station_hongik-univ', 'station_hapjeong', 'line_2', 180);
INSERT OR IGNORE INTO connections (from_station_id, to_station_id, line_id, travel_time_sec) VALUES ('station_hongik-univ', 'station_sinchon', 'line_2', 120);
INSERT OR IGNORE INTO connections (from_station_id, to_station_id, line_id, travel_time_sec) VALUES ('station_sinchon', 'station_hongik-univ', 'line_2', 120);
INSERT OR IGNORE INTO connections (from_station_id, to_station_id, line_id, travel_time_sec) VALUES ('station_sinchon', 'station_ewha-womans-univ', 'line_2', 150);
INSERT OR IGNORE INTO connections (from_station_id, to_station_id, line_id, travel_time_sec) VALUES ('station_ewha-womans-univ', 'station_sinchon', 'line_2', 150);
INSERT OR IGNORE INTO connections (from_station_id, to_station_id, line_id, travel_time_sec) VALUES ('station_ewha-womans-univ', 'station_ahyeon', 'line_2', 180);
INSERT OR IGNORE INTO connections (from_station_id, to_station_id, line_id, travel_time_sec) VALUES ('station_ahyeon', 'station_ewha-womans-univ', 'line_2', 180);
INSERT OR IGNORE INTO connections (from_station_id, to_station_id, line_id, travel_time_sec) VALUES ('station_ahyeon', 'station_chungjeongno', 'line_2', 120);
INSERT OR IGNORE INTO connections (from_station_id, to_station_id, line_id, travel_time_sec) VALUES ('station_chungjeongno', 'station_ahyeon', 'line_2', 120);
INSERT OR IGNORE INTO connections (from_station_id, to_station_id, line_id, travel_time_sec) VALUES ('station_gyeongbokgung', 'station_anguk', 'line_3', 180);
INSERT OR IGNORE INTO connections (from_station_id, to_station_id, line_id, travel_time_sec) VALUES ('station_anguk', 'station_gyeongbokgung', 'line_3', 180);
INSERT OR IGNORE INTO connections (from_station_id, to_station_id, line_id, travel_time_sec) VALUES ('station_anguk', 'station_jongno-3-ga', 'line_3', 120);
INSERT OR IGNORE INTO connections (from_station_id, to_station_id, line_id, travel_time_sec) VALUES ('station_jongno-3-ga', 'station_anguk', 'line_3', 120);
INSERT OR IGNORE INTO connections (from_station_id, to_station_id, line_id, travel_time_sec) VALUES ('station_jongno-3-ga', 'station_euljiro-3-ga', 'line_3', 150);
INSERT OR IGNORE INTO connections (from_station_id, to_station_id, line_id, travel_time_sec) VALUES ('station_euljiro-3-ga', 'station_jongno-3-ga', 'line_3', 150);
INSERT OR IGNORE INTO connections (from_station_id, to_station_id, line_id, travel_time_sec) VALUES ('station_euljiro-3-ga', 'station_chungmuro', 'line_3', 180);
INSERT OR IGNORE INTO connections (from_station_id, to_station_id, line_id, travel_time_sec) VALUES ('station_chungmuro', 'station_euljiro-3-ga', 'line_3', 180);
INSERT OR IGNORE INTO connections (from_station_id, to_station_id, line_id, travel_time_sec) VALUES ('station_chungmuro', 'station_dongguk-univ', 'line_3', 120);
INSERT OR IGNORE INTO connections (from_station_id, to_station_id, line_id, travel_time_sec) VALUES ('station_dongguk-univ', 'station_chungmuro', 'line_3', 120);
INSERT OR IGNORE INTO connections (from_station_id, to_station_id, line_id, travel_time_sec) VALUES ('station_dongguk-univ', 'station_yaksu', 'line_3', 150);
INSERT OR IGNORE INTO connections (from_station_id, to_station_id, line_id, travel_time_sec) VALUES ('station_yaksu', 'station_dongguk-univ', 'line_3', 150);
INSERT OR IGNORE INTO connections (from_station_id, to_station_id, line_id, travel_time_sec) VALUES ('station_yaksu', 'station_geumho', 'line_3', 180);
INSERT OR IGNORE INTO connections (from_station_id, to_station_id, line_id, travel_time_sec) VALUES ('station_geumho', 'station_yaksu', 'line_3', 180);
INSERT OR IGNORE INTO connections (from_station_id, to_station_id, line_id, travel_time_sec) VALUES ('station_geumho', 'station_oksu', 'line_3', 120);
INSERT OR IGNORE INTO connections (from_station_id, to_station_id, line_id, travel_time_sec) VALUES ('station_oksu', 'station_geumho', 'line_3', 120);
INSERT OR IGNORE INTO connections (from_station_id, to_station_id, line_id, travel_time_sec) VALUES ('station_oksu', 'station_apgujeong', 'line_3', 150);
INSERT OR IGNORE INTO connections (from_station_id, to_station_id, line_id, travel_time_sec) VALUES ('station_apgujeong', 'station_oksu', 'line_3', 150);
INSERT OR IGNORE INTO connections (from_station_id, to_station_id, line_id, travel_time_sec) VALUES ('station_apgujeong', 'station_sinsa', 'line_3', 180);
INSERT OR IGNORE INTO connections (from_station_id, to_station_id, line_id, travel_time_sec) VALUES ('station_sinsa', 'station_apgujeong', 'line_3', 180);
INSERT OR IGNORE INTO connections (from_station_id, to_station_id, line_id, travel_time_sec) VALUES ('station_sinsa', 'station_jamwon', 'line_3', 120);
INSERT OR IGNORE INTO connections (from_station_id, to_station_id, line_id, travel_time_sec) VALUES ('station_jamwon', 'station_sinsa', 'line_3', 120);
INSERT OR IGNORE INTO connections (from_station_id, to_station_id, line_id, travel_time_sec) VALUES ('station_jamwon', 'station_express-bus-terminal', 'line_3', 150);
INSERT OR IGNORE INTO connections (from_station_id, to_station_id, line_id, travel_time_sec) VALUES ('station_express-bus-terminal', 'station_jamwon', 'line_3', 150);
INSERT OR IGNORE INTO connections (from_station_id, to_station_id, line_id, travel_time_sec) VALUES ('station_express-bus-terminal', 'station_seoul-natl-univ-of-education', 'line_3', 180);
INSERT OR IGNORE INTO connections (from_station_id, to_station_id, line_id, travel_time_sec) VALUES ('station_seoul-natl-univ-of-education', 'station_express-bus-terminal', 'line_3', 180);
INSERT OR IGNORE INTO connections (from_station_id, to_station_id, line_id, travel_time_sec) VALUES ('station_seoul-natl-univ-of-education', 'station_nambu-bus-terminal', 'line_3', 120);
INSERT OR IGNORE INTO connections (from_station_id, to_station_id, line_id, travel_time_sec) VALUES ('station_nambu-bus-terminal', 'station_seoul-natl-univ-of-education', 'line_3', 120);
INSERT OR IGNORE INTO connections (from_station_id, to_station_id, line_id, travel_time_sec) VALUES ('station_nambu-bus-terminal', 'station_yangjae', 'line_3', 150);
INSERT OR IGNORE INTO connections (from_station_id, to_station_id, line_id, travel_time_sec) VALUES ('station_yangjae', 'station_nambu-bus-terminal', 'line_3', 150);
INSERT OR IGNORE INTO connections (from_station_id, to_station_id, line_id, travel_time_sec) VALUES ('station_yangjae', 'station_maebong', 'line_3', 180);
INSERT OR IGNORE INTO connections (from_station_id, to_station_id, line_id, travel_time_sec) VALUES ('station_maebong', 'station_yangjae', 'line_3', 180);
INSERT OR IGNORE INTO connections (from_station_id, to_station_id, line_id, travel_time_sec) VALUES ('station_maebong', 'station_dogok', 'line_3', 120);
INSERT OR IGNORE INTO connections (from_station_id, to_station_id, line_id, travel_time_sec) VALUES ('station_dogok', 'station_maebong', 'line_3', 120);
INSERT OR IGNORE INTO connections (from_station_id, to_station_id, line_id, travel_time_sec) VALUES ('station_dogok', 'station_daechi', 'line_3', 150);
INSERT OR IGNORE INTO connections (from_station_id, to_station_id, line_id, travel_time_sec) VALUES ('station_daechi', 'station_dogok', 'line_3', 150);
INSERT OR IGNORE INTO connections (from_station_id, to_station_id, line_id, travel_time_sec) VALUES ('station_daechi', 'station_hangnyeoul', 'line_3', 180);
INSERT OR IGNORE INTO connections (from_station_id, to_station_id, line_id, travel_time_sec) VALUES ('station_hangnyeoul', 'station_daechi', 'line_3', 180);
INSERT OR IGNORE INTO connections (from_station_id, to_station_id, line_id, travel_time_sec) VALUES ('station_hangnyeoul', 'station_daecheong', 'line_3', 120);
INSERT OR IGNORE INTO connections (from_station_id, to_station_id, line_id, travel_time_sec) VALUES ('station_daecheong', 'station_hangnyeoul', 'line_3', 120);
INSERT OR IGNORE INTO connections (from_station_id, to_station_id, line_id, travel_time_sec) VALUES ('station_daecheong', 'station_irwon', 'line_3', 150);
INSERT OR IGNORE INTO connections (from_station_id, to_station_id, line_id, travel_time_sec) VALUES ('station_irwon', 'station_daecheong', 'line_3', 150);
INSERT OR IGNORE INTO connections (from_station_id, to_station_id, line_id, travel_time_sec) VALUES ('station_irwon', 'station_suseo', 'line_3', 180);
INSERT OR IGNORE INTO connections (from_station_id, to_station_id, line_id, travel_time_sec) VALUES ('station_suseo', 'station_irwon', 'line_3', 180);
INSERT OR IGNORE INTO connections (from_station_id, to_station_id, line_id, travel_time_sec) VALUES ('station_myeongdong', 'station_chungmuro', 'line_4', 120);
INSERT OR IGNORE INTO connections (from_station_id, to_station_id, line_id, travel_time_sec) VALUES ('station_chungmuro', 'station_myeongdong', 'line_4', 120);
INSERT OR IGNORE INTO connections (from_station_id, to_station_id, line_id, travel_time_sec) VALUES ('station_chungmuro', 'station_dongdaemun-history-and-culture-park', 'line_4', 150);
INSERT OR IGNORE INTO connections (from_station_id, to_station_id, line_id, travel_time_sec) VALUES ('station_dongdaemun-history-and-culture-park', 'station_chungmuro', 'line_4', 150);
INSERT OR IGNORE INTO connections (from_station_id, to_station_id, line_id, travel_time_sec) VALUES ('station_dongdaemun-history-and-culture-park', 'station_dongdaemun', 'line_4', 180);
INSERT OR IGNORE INTO connections (from_station_id, to_station_id, line_id, travel_time_sec) VALUES ('station_dongdaemun', 'station_dongdaemun-history-and-culture-park', 'line_4', 180);
INSERT OR IGNORE INTO connections (from_station_id, to_station_id, line_id, travel_time_sec) VALUES ('station_dongdaemun', 'station_hyehwa', 'line_4', 120);
INSERT OR IGNORE INTO connections (from_station_id, to_station_id, line_id, travel_time_sec) VALUES ('station_hyehwa', 'station_dongdaemun', 'line_4', 120);
INSERT OR IGNORE INTO connections (from_station_id, to_station_id, line_id, travel_time_sec) VALUES ('station_hyehwa', 'station_hansung-univ', 'line_4', 150);
INSERT OR IGNORE INTO connections (from_station_id, to_station_id, line_id, travel_time_sec) VALUES ('station_hansung-univ', 'station_hyehwa', 'line_4', 150);
INSERT OR IGNORE INTO connections (from_station_id, to_station_id, line_id, travel_time_sec) VALUES ('station_hansung-univ', 'station_sungshin-womens-univ', 'line_4', 180);
INSERT OR IGNORE INTO connections (from_station_id, to_station_id, line_id, travel_time_sec) VALUES ('station_sungshin-womens-univ', 'station_hansung-univ', 'line_4', 180);
INSERT OR IGNORE INTO connections (from_station_id, to_station_id, line_id, travel_time_sec) VALUES ('station_sungshin-womens-univ', 'station_gireum', 'line_4', 120);
INSERT OR IGNORE INTO connections (from_station_id, to_station_id, line_id, travel_time_sec) VALUES ('station_gireum', 'station_sungshin-womens-univ', 'line_4', 120);
INSERT OR IGNORE INTO connections (from_station_id, to_station_id, line_id, travel_time_sec) VALUES ('station_gireum', 'station_mia-sageori', 'line_4', 150);
INSERT OR IGNORE INTO connections (from_station_id, to_station_id, line_id, travel_time_sec) VALUES ('station_mia-sageori', 'station_gireum', 'line_4', 150);
INSERT OR IGNORE INTO connections (from_station_id, to_station_id, line_id, travel_time_sec) VALUES ('station_mia-sageori', 'station_samgakji', 'line_4', 180);
INSERT OR IGNORE INTO connections (from_station_id, to_station_id, line_id, travel_time_sec) VALUES ('station_samgakji', 'station_mia-sageori', 'line_4', 180);
INSERT OR IGNORE INTO connections (from_station_id, to_station_id, line_id, travel_time_sec) VALUES ('station_samgakji', 'station_sookmyung-womens-univ', 'line_4', 120);
INSERT OR IGNORE INTO connections (from_station_id, to_station_id, line_id, travel_time_sec) VALUES ('station_sookmyung-womens-univ', 'station_samgakji', 'line_4', 120);
INSERT OR IGNORE INTO connections (from_station_id, to_station_id, line_id, travel_time_sec) VALUES ('station_sookmyung-womens-univ', 'station_seoul-station', 'line_4', 150);
INSERT OR IGNORE INTO connections (from_station_id, to_station_id, line_id, travel_time_sec) VALUES ('station_seoul-station', 'station_sookmyung-womens-univ', 'line_4', 150);
INSERT OR IGNORE INTO connections (from_station_id, to_station_id, line_id, travel_time_sec) VALUES ('station_seoul-station', 'station_hoehyeon', 'line_4', 180);
INSERT OR IGNORE INTO connections (from_station_id, to_station_id, line_id, travel_time_sec) VALUES ('station_hoehyeon', 'station_seoul-station', 'line_4', 180);
INSERT OR IGNORE INTO connections (from_station_id, to_station_id, line_id, travel_time_sec) VALUES ('station_banghwa', 'station_gaehwasan', 'line_5', 150);
INSERT OR IGNORE INTO connections (from_station_id, to_station_id, line_id, travel_time_sec) VALUES ('station_gaehwasan', 'station_banghwa', 'line_5', 150);
INSERT OR IGNORE INTO connections (from_station_id, to_station_id, line_id, travel_time_sec) VALUES ('station_gaehwasan', 'station_yeouido', 'line_5', 180);
INSERT OR IGNORE INTO connections (from_station_id, to_station_id, line_id, travel_time_sec) VALUES ('station_yeouido', 'station_gaehwasan', 'line_5', 180);
INSERT OR IGNORE INTO connections (from_station_id, to_station_id, line_id, travel_time_sec) VALUES ('station_yeouido', 'station_yeouinaru', 'line_5', 120);
INSERT OR IGNORE INTO connections (from_station_id, to_station_id, line_id, travel_time_sec) VALUES ('station_yeouinaru', 'station_yeouido', 'line_5', 120);
INSERT OR IGNORE INTO connections (from_station_id, to_station_id, line_id, travel_time_sec) VALUES ('station_yeouinaru', 'station_mapo', 'line_5', 150);
INSERT OR IGNORE INTO connections (from_station_id, to_station_id, line_id, travel_time_sec) VALUES ('station_mapo', 'station_yeouinaru', 'line_5', 150);
INSERT OR IGNORE INTO connections (from_station_id, to_station_id, line_id, travel_time_sec) VALUES ('station_mapo', 'station_gwanghwamun', 'line_5', 180);
INSERT OR IGNORE INTO connections (from_station_id, to_station_id, line_id, travel_time_sec) VALUES ('station_gwanghwamun', 'station_mapo', 'line_5', 180);
INSERT OR IGNORE INTO connections (from_station_id, to_station_id, line_id, travel_time_sec) VALUES ('station_gwanghwamun', 'station_jongno-3-ga', 'line_5', 120);
INSERT OR IGNORE INTO connections (from_station_id, to_station_id, line_id, travel_time_sec) VALUES ('station_jongno-3-ga', 'station_gwanghwamun', 'line_5', 120);
INSERT OR IGNORE INTO connections (from_station_id, to_station_id, line_id, travel_time_sec) VALUES ('station_jongno-3-ga', 'station_euljiro-4-ga', 'line_5', 150);
INSERT OR IGNORE INTO connections (from_station_id, to_station_id, line_id, travel_time_sec) VALUES ('station_euljiro-4-ga', 'station_jongno-3-ga', 'line_5', 150);
INSERT OR IGNORE INTO connections (from_station_id, to_station_id, line_id, travel_time_sec) VALUES ('station_euljiro-4-ga', 'station_dongdaemun-history-and-culture-park', 'line_5', 180);
INSERT OR IGNORE INTO connections (from_station_id, to_station_id, line_id, travel_time_sec) VALUES ('station_dongdaemun-history-and-culture-park', 'station_euljiro-4-ga', 'line_5', 180);
INSERT OR IGNORE INTO connections (from_station_id, to_station_id, line_id, travel_time_sec) VALUES ('station_dongdaemun-history-and-culture-park', 'station_wangsimni', 'line_5', 120);
INSERT OR IGNORE INTO connections (from_station_id, to_station_id, line_id, travel_time_sec) VALUES ('station_wangsimni', 'station_dongdaemun-history-and-culture-park', 'line_5', 120);
INSERT OR IGNORE INTO connections (from_station_id, to_station_id, line_id, travel_time_sec) VALUES ('station_wangsimni', 'station_cheonggu', 'line_5', 150);
INSERT OR IGNORE INTO connections (from_station_id, to_station_id, line_id, travel_time_sec) VALUES ('station_cheonggu', 'station_wangsimni', 'line_5', 150);
INSERT OR IGNORE INTO connections (from_station_id, to_station_id, line_id, travel_time_sec) VALUES ('station_eungam', 'station_hapjeong', 'line_6', 180);
INSERT OR IGNORE INTO connections (from_station_id, to_station_id, line_id, travel_time_sec) VALUES ('station_hapjeong', 'station_eungam', 'line_6', 180);
INSERT OR IGNORE INTO connections (from_station_id, to_station_id, line_id, travel_time_sec) VALUES ('station_hapjeong', 'station_sangsu', 'line_6', 120);
INSERT OR IGNORE INTO connections (from_station_id, to_station_id, line_id, travel_time_sec) VALUES ('station_sangsu', 'station_hapjeong', 'line_6', 120);
INSERT OR IGNORE INTO connections (from_station_id, to_station_id, line_id, travel_time_sec) VALUES ('station_sangsu', 'station_samgakji', 'line_6', 150);
INSERT OR IGNORE INTO connections (from_station_id, to_station_id, line_id, travel_time_sec) VALUES ('station_samgakji', 'station_sangsu', 'line_6', 150);
INSERT OR IGNORE INTO connections (from_station_id, to_station_id, line_id, travel_time_sec) VALUES ('station_samgakji', 'station_noksapyeong', 'line_6', 180);
INSERT OR IGNORE INTO connections (from_station_id, to_station_id, line_id, travel_time_sec) VALUES ('station_noksapyeong', 'station_samgakji', 'line_6', 180);
INSERT OR IGNORE INTO connections (from_station_id, to_station_id, line_id, travel_time_sec) VALUES ('station_noksapyeong', 'station_itaewon', 'line_6', 120);
INSERT OR IGNORE INTO connections (from_station_id, to_station_id, line_id, travel_time_sec) VALUES ('station_itaewon', 'station_noksapyeong', 'line_6', 120);
INSERT OR IGNORE INTO connections (from_station_id, to_station_id, line_id, travel_time_sec) VALUES ('station_itaewon', 'station_hangangjin', 'line_6', 150);
INSERT OR IGNORE INTO connections (from_station_id, to_station_id, line_id, travel_time_sec) VALUES ('station_hangangjin', 'station_itaewon', 'line_6', 150);
INSERT OR IGNORE INTO connections (from_station_id, to_station_id, line_id, travel_time_sec) VALUES ('station_hangangjin', 'station_beotiggogae', 'line_6', 180);
INSERT OR IGNORE INTO connections (from_station_id, to_station_id, line_id, travel_time_sec) VALUES ('station_beotiggogae', 'station_hangangjin', 'line_6', 180);
INSERT OR IGNORE INTO connections (from_station_id, to_station_id, line_id, travel_time_sec) VALUES ('station_beotiggogae', 'station_yaksu', 'line_6', 120);
INSERT OR IGNORE INTO connections (from_station_id, to_station_id, line_id, travel_time_sec) VALUES ('station_yaksu', 'station_beotiggogae', 'line_6', 120);
INSERT OR IGNORE INTO connections (from_station_id, to_station_id, line_id, travel_time_sec) VALUES ('station_yaksu', 'station_cheonggu', 'line_6', 150);
INSERT OR IGNORE INTO connections (from_station_id, to_station_id, line_id, travel_time_sec) VALUES ('station_cheonggu', 'station_yaksu', 'line_6', 150);
INSERT OR IGNORE INTO connections (from_station_id, to_station_id, line_id, travel_time_sec) VALUES ('station_cheonggu', 'station_sindang', 'line_6', 180);
INSERT OR IGNORE INTO connections (from_station_id, to_station_id, line_id, travel_time_sec) VALUES ('station_sindang', 'station_cheonggu', 'line_6', 180);
INSERT OR IGNORE INTO connections (from_station_id, to_station_id, line_id, travel_time_sec) VALUES ('station_sindang', 'station_dongmyo', 'line_6', 120);
INSERT OR IGNORE INTO connections (from_station_id, to_station_id, line_id, travel_time_sec) VALUES ('station_dongmyo', 'station_sindang', 'line_6', 120);
INSERT OR IGNORE INTO connections (from_station_id, to_station_id, line_id, travel_time_sec) VALUES ('station_jangam', 'station_konkuk-univ', 'line_7', 120);
INSERT OR IGNORE INTO connections (from_station_id, to_station_id, line_id, travel_time_sec) VALUES ('station_konkuk-univ', 'station_jangam', 'line_7', 120);
INSERT OR IGNORE INTO connections (from_station_id, to_station_id, line_id, travel_time_sec) VALUES ('station_konkuk-univ', 'station_isu', 'line_7', 150);
INSERT OR IGNORE INTO connections (from_station_id, to_station_id, line_id, travel_time_sec) VALUES ('station_isu', 'station_konkuk-univ', 'line_7', 150);
INSERT OR IGNORE INTO connections (from_station_id, to_station_id, line_id, travel_time_sec) VALUES ('station_isu', 'station_namseong', 'line_7', 180);
INSERT OR IGNORE INTO connections (from_station_id, to_station_id, line_id, travel_time_sec) VALUES ('station_namseong', 'station_isu', 'line_7', 180);
INSERT OR IGNORE INTO connections (from_station_id, to_station_id, line_id, travel_time_sec) VALUES ('station_namseong', 'station_soongsil-univ', 'line_7', 120);
INSERT OR IGNORE INTO connections (from_station_id, to_station_id, line_id, travel_time_sec) VALUES ('station_soongsil-univ', 'station_namseong', 'line_7', 120);
INSERT OR IGNORE INTO connections (from_station_id, to_station_id, line_id, travel_time_sec) VALUES ('station_soongsil-univ', 'station_sangdo', 'line_7', 150);
INSERT OR IGNORE INTO connections (from_station_id, to_station_id, line_id, travel_time_sec) VALUES ('station_sangdo', 'station_soongsil-univ', 'line_7', 150);
INSERT OR IGNORE INTO connections (from_station_id, to_station_id, line_id, travel_time_sec) VALUES ('station_sangdo', 'station_jangseungbaegi', 'line_7', 180);
INSERT OR IGNORE INTO connections (from_station_id, to_station_id, line_id, travel_time_sec) VALUES ('station_jangseungbaegi', 'station_sangdo', 'line_7', 180);
INSERT OR IGNORE INTO connections (from_station_id, to_station_id, line_id, travel_time_sec) VALUES ('station_jangseungbaegi', 'station_sindaebang-samgeori', 'line_7', 120);
INSERT OR IGNORE INTO connections (from_station_id, to_station_id, line_id, travel_time_sec) VALUES ('station_sindaebang-samgeori', 'station_jangseungbaegi', 'line_7', 120);
INSERT OR IGNORE INTO connections (from_station_id, to_station_id, line_id, travel_time_sec) VALUES ('station_sindaebang-samgeori', 'station_boramae', 'line_7', 150);
INSERT OR IGNORE INTO connections (from_station_id, to_station_id, line_id, travel_time_sec) VALUES ('station_boramae', 'station_sindaebang-samgeori', 'line_7', 150);
INSERT OR IGNORE INTO connections (from_station_id, to_station_id, line_id, travel_time_sec) VALUES ('station_boramae', 'station_sinpung', 'line_7', 180);
INSERT OR IGNORE INTO connections (from_station_id, to_station_id, line_id, travel_time_sec) VALUES ('station_sinpung', 'station_boramae', 'line_7', 180);
INSERT OR IGNORE INTO connections (from_station_id, to_station_id, line_id, travel_time_sec) VALUES ('station_sinpung', 'station_daerim', 'line_7', 120);
INSERT OR IGNORE INTO connections (from_station_id, to_station_id, line_id, travel_time_sec) VALUES ('station_daerim', 'station_sinpung', 'line_7', 120);
INSERT OR IGNORE INTO connections (from_station_id, to_station_id, line_id, travel_time_sec) VALUES ('station_daerim', 'station_gasan-digital-complex', 'line_7', 150);
INSERT OR IGNORE INTO connections (from_station_id, to_station_id, line_id, travel_time_sec) VALUES ('station_gasan-digital-complex', 'station_daerim', 'line_7', 150);
INSERT OR IGNORE INTO connections (from_station_id, to_station_id, line_id, travel_time_sec) VALUES ('station_jamsil', 'station_seokchon', 'line_8', 150);
INSERT OR IGNORE INTO connections (from_station_id, to_station_id, line_id, travel_time_sec) VALUES ('station_seokchon', 'station_jamsil', 'line_8', 150);
INSERT OR IGNORE INTO connections (from_station_id, to_station_id, line_id, travel_time_sec) VALUES ('station_seokchon', 'station_moran', 'line_8', 180);
INSERT OR IGNORE INTO connections (from_station_id, to_station_id, line_id, travel_time_sec) VALUES ('station_moran', 'station_seokchon', 'line_8', 180);
INSERT OR IGNORE INTO connections (from_station_id, to_station_id, line_id, travel_time_sec) VALUES ('station_gaehwa', 'station_yeouido', 'line_9', 180);
INSERT OR IGNORE INTO connections (from_station_id, to_station_id, line_id, travel_time_sec) VALUES ('station_yeouido', 'station_gaehwa', 'line_9', 180);
INSERT OR IGNORE INTO connections (from_station_id, to_station_id, line_id, travel_time_sec) VALUES ('station_yeouido', 'station_dongjak', 'line_9', 120);
INSERT OR IGNORE INTO connections (from_station_id, to_station_id, line_id, travel_time_sec) VALUES ('station_dongjak', 'station_yeouido', 'line_9', 120);
INSERT OR IGNORE INTO connections (from_station_id, to_station_id, line_id, travel_time_sec) VALUES ('station_dongjak', 'station_express-bus-terminal', 'line_9', 150);
INSERT OR IGNORE INTO connections (from_station_id, to_station_id, line_id, travel_time_sec) VALUES ('station_express-bus-terminal', 'station_dongjak', 'line_9', 150);
INSERT OR IGNORE INTO connections (from_station_id, to_station_id, line_id, travel_time_sec) VALUES ('station_express-bus-terminal', 'station_sinnonhyeon', 'line_9', 180);
INSERT OR IGNORE INTO connections (from_station_id, to_station_id, line_id, travel_time_sec) VALUES ('station_sinnonhyeon', 'station_express-bus-terminal', 'line_9', 180);
INSERT OR IGNORE INTO connections (from_station_id, to_station_id, line_id, travel_time_sec) VALUES ('station_sinnonhyeon', 'station_seonjeongneung', 'line_9', 120);
INSERT OR IGNORE INTO connections (from_station_id, to_station_id, line_id, travel_time_sec) VALUES ('station_seonjeongneung', 'station_sinnonhyeon', 'line_9', 120);
INSERT OR IGNORE INTO connections (from_station_id, to_station_id, line_id, travel_time_sec) VALUES ('station_seonjeongneung', 'station_samsung-jungang', 'line_9', 150);
INSERT OR IGNORE INTO connections (from_station_id, to_station_id, line_id, travel_time_sec) VALUES ('station_samsung-jungang', 'station_seonjeongneung', 'line_9', 150);
INSERT OR IGNORE INTO connections (from_station_id, to_station_id, line_id, travel_time_sec) VALUES ('station_samsung-jungang', 'station_bongeunsa', 'line_9', 180);
INSERT OR IGNORE INTO connections (from_station_id, to_station_id, line_id, travel_time_sec) VALUES ('station_bongeunsa', 'station_samsung-jungang', 'line_9', 180);
INSERT OR IGNORE INTO connections (from_station_id, to_station_id, line_id, travel_time_sec) VALUES ('station_bongeunsa', 'station_sports-complex', 'line_9', 120);
INSERT OR IGNORE INTO connections (from_station_id, to_station_id, line_id, travel_time_sec) VALUES ('station_sports-complex', 'station_bongeunsa', 'line_9', 120);
INSERT OR IGNORE INTO connections (from_station_id, to_station_id, line_id, travel_time_sec) VALUES ('station_sports-complex', 'station_samjeon', 'line_9', 150);
INSERT OR IGNORE INTO connections (from_station_id, to_station_id, line_id, travel_time_sec) VALUES ('station_samjeon', 'station_sports-complex', 'line_9', 150);
INSERT OR IGNORE INTO connections (from_station_id, to_station_id, line_id, travel_time_sec) VALUES ('station_samjeon', 'station_seokchon-ancient-tombs', 'line_9', 180);
INSERT OR IGNORE INTO connections (from_station_id, to_station_id, line_id, travel_time_sec) VALUES ('station_seokchon-ancient-tombs', 'station_samjeon', 'line_9', 180);
INSERT OR IGNORE INTO connections (from_station_id, to_station_id, line_id, travel_time_sec) VALUES ('station_seokchon-ancient-tombs', 'station_seokchon', 'line_9', 120);
INSERT OR IGNORE INTO connections (from_station_id, to_station_id, line_id, travel_time_sec) VALUES ('station_seokchon', 'station_seokchon-ancient-tombs', 'line_9', 120);

INSERT OR IGNORE INTO transfers (station_id, from_line_id, to_line_id, transfer_time_sec, difficulty) VALUES ('station_seoul-station', 'line_1', 'line_4', 240, '3');
INSERT OR IGNORE INTO transfers (station_id, from_line_id, to_line_id, transfer_time_sec, difficulty) VALUES ('station_seoul-station', 'line_4', 'line_1', 240, '3');
INSERT OR IGNORE INTO transfers (station_id, from_line_id, to_line_id, transfer_time_sec, difficulty) VALUES ('station_city-hall', 'line_1', 'line_2', 180, '2');
INSERT OR IGNORE INTO transfers (station_id, from_line_id, to_line_id, transfer_time_sec, difficulty) VALUES ('station_city-hall', 'line_2', 'line_1', 180, '2');
INSERT OR IGNORE INTO transfers (station_id, from_line_id, to_line_id, transfer_time_sec, difficulty) VALUES ('station_jongno-3-ga', 'line_1', 'line_3', 180, '2');
INSERT OR IGNORE INTO transfers (station_id, from_line_id, to_line_id, transfer_time_sec, difficulty) VALUES ('station_jongno-3-ga', 'line_3', 'line_1', 180, '2');
INSERT OR IGNORE INTO transfers (station_id, from_line_id, to_line_id, transfer_time_sec, difficulty) VALUES ('station_jongno-3-ga', 'line_1', 'line_5', 240, '3');
INSERT OR IGNORE INTO transfers (station_id, from_line_id, to_line_id, transfer_time_sec, difficulty) VALUES ('station_jongno-3-ga', 'line_5', 'line_1', 240, '3');
INSERT OR IGNORE INTO transfers (station_id, from_line_id, to_line_id, transfer_time_sec, difficulty) VALUES ('station_jongno-3-ga', 'line_3', 'line_5', 150, '2');
INSERT OR IGNORE INTO transfers (station_id, from_line_id, to_line_id, transfer_time_sec, difficulty) VALUES ('station_jongno-3-ga', 'line_5', 'line_3', 150, '2');
INSERT OR IGNORE INTO transfers (station_id, from_line_id, to_line_id, transfer_time_sec, difficulty) VALUES ('station_dongdaemun', 'line_1', 'line_4', 180, '2');
INSERT OR IGNORE INTO transfers (station_id, from_line_id, to_line_id, transfer_time_sec, difficulty) VALUES ('station_dongdaemun', 'line_4', 'line_1', 180, '2');
INSERT OR IGNORE INTO transfers (station_id, from_line_id, to_line_id, transfer_time_sec, difficulty) VALUES ('station_dongmyo', 'line_1', 'line_6', 180, '2');
INSERT OR IGNORE INTO transfers (station_id, from_line_id, to_line_id, transfer_time_sec, difficulty) VALUES ('station_dongmyo', 'line_6', 'line_1', 180, '2');
INSERT OR IGNORE INTO transfers (station_id, from_line_id, to_line_id, transfer_time_sec, difficulty) VALUES ('station_euljiro-3-ga', 'line_2', 'line_3', 150, '1');
INSERT OR IGNORE INTO transfers (station_id, from_line_id, to_line_id, transfer_time_sec, difficulty) VALUES ('station_euljiro-3-ga', 'line_3', 'line_2', 150, '1');
INSERT OR IGNORE INTO transfers (station_id, from_line_id, to_line_id, transfer_time_sec, difficulty) VALUES ('station_euljiro-4-ga', 'line_2', 'line_5', 120, '1');
INSERT OR IGNORE INTO transfers (station_id, from_line_id, to_line_id, transfer_time_sec, difficulty) VALUES ('station_euljiro-4-ga', 'line_5', 'line_2', 120, '1');
INSERT OR IGNORE INTO transfers (station_id, from_line_id, to_line_id, transfer_time_sec, difficulty) VALUES ('station_dongdaemun-history-and-culture-park', 'line_2', 'line_4', 240, '3');
INSERT OR IGNORE INTO transfers (station_id, from_line_id, to_line_id, transfer_time_sec, difficulty) VALUES ('station_dongdaemun-history-and-culture-park', 'line_4', 'line_2', 240, '3');
INSERT OR IGNORE INTO transfers (station_id, from_line_id, to_line_id, transfer_time_sec, difficulty) VALUES ('station_dongdaemun-history-and-culture-park', 'line_2', 'line_5', 180, '2');
INSERT OR IGNORE INTO transfers (station_id, from_line_id, to_line_id, transfer_time_sec, difficulty) VALUES ('station_dongdaemun-history-and-culture-park', 'line_5', 'line_2', 180, '2');
INSERT OR IGNORE INTO transfers (station_id, from_line_id, to_line_id, transfer_time_sec, difficulty) VALUES ('station_dongdaemun-history-and-culture-park', 'line_4', 'line_5', 180, '2');
INSERT OR IGNORE INTO transfers (station_id, from_line_id, to_line_id, transfer_time_sec, difficulty) VALUES ('station_dongdaemun-history-and-culture-park', 'line_5', 'line_4', 180, '2');
INSERT OR IGNORE INTO transfers (station_id, from_line_id, to_line_id, transfer_time_sec, difficulty) VALUES ('station_sindang', 'line_2', 'line_6', 180, '2');
INSERT OR IGNORE INTO transfers (station_id, from_line_id, to_line_id, transfer_time_sec, difficulty) VALUES ('station_sindang', 'line_6', 'line_2', 180, '2');
INSERT OR IGNORE INTO transfers (station_id, from_line_id, to_line_id, transfer_time_sec, difficulty) VALUES ('station_wangsimni', 'line_2', 'line_5', 180, '2');
INSERT OR IGNORE INTO transfers (station_id, from_line_id, to_line_id, transfer_time_sec, difficulty) VALUES ('station_wangsimni', 'line_5', 'line_2', 180, '2');
INSERT OR IGNORE INTO transfers (station_id, from_line_id, to_line_id, transfer_time_sec, difficulty) VALUES ('station_konkuk-univ', 'line_2', 'line_7', 150, '1');
INSERT OR IGNORE INTO transfers (station_id, from_line_id, to_line_id, transfer_time_sec, difficulty) VALUES ('station_konkuk-univ', 'line_7', 'line_2', 150, '1');
INSERT OR IGNORE INTO transfers (station_id, from_line_id, to_line_id, transfer_time_sec, difficulty) VALUES ('station_jamsil', 'line_2', 'line_8', 180, '2');
INSERT OR IGNORE INTO transfers (station_id, from_line_id, to_line_id, transfer_time_sec, difficulty) VALUES ('station_jamsil', 'line_8', 'line_2', 180, '2');
INSERT OR IGNORE INTO transfers (station_id, from_line_id, to_line_id, transfer_time_sec, difficulty) VALUES ('station_sports-complex', 'line_2', 'line_9', 180, '2');
INSERT OR IGNORE INTO transfers (station_id, from_line_id, to_line_id, transfer_time_sec, difficulty) VALUES ('station_sports-complex', 'line_9', 'line_2', 180, '2');
INSERT OR IGNORE INTO transfers (station_id, from_line_id, to_line_id, transfer_time_sec, difficulty) VALUES ('station_seoul-natl-univ-of-education', 'line_2', 'line_3', 150, '1');
INSERT OR IGNORE INTO transfers (station_id, from_line_id, to_line_id, transfer_time_sec, difficulty) VALUES ('station_seoul-natl-univ-of-education', 'line_3', 'line_2', 150, '1');
INSERT OR IGNORE INTO transfers (station_id, from_line_id, to_line_id, transfer_time_sec, difficulty) VALUES ('station_daerim', 'line_2', 'line_7', 180, '2');
INSERT OR IGNORE INTO transfers (station_id, from_line_id, to_line_id, transfer_time_sec, difficulty) VALUES ('station_daerim', 'line_7', 'line_2', 180, '2');
INSERT OR IGNORE INTO transfers (station_id, from_line_id, to_line_id, transfer_time_sec, difficulty) VALUES ('station_hapjeong', 'line_2', 'line_6', 120, '1');
INSERT OR IGNORE INTO transfers (station_id, from_line_id, to_line_id, transfer_time_sec, difficulty) VALUES ('station_hapjeong', 'line_6', 'line_2', 120, '1');
INSERT OR IGNORE INTO transfers (station_id, from_line_id, to_line_id, transfer_time_sec, difficulty) VALUES ('station_chungmuro', 'line_3', 'line_4', 120, '1');
INSERT OR IGNORE INTO transfers (station_id, from_line_id, to_line_id, transfer_time_sec, difficulty) VALUES ('station_chungmuro', 'line_4', 'line_3', 120, '1');
INSERT OR IGNORE INTO transfers (station_id, from_line_id, to_line_id, transfer_time_sec, difficulty) VALUES ('station_yaksu', 'line_3', 'line_6', 180, '2');
INSERT OR IGNORE INTO transfers (station_id, from_line_id, to_line_id, transfer_time_sec, difficulty) VALUES ('station_yaksu', 'line_6', 'line_3', 180, '2');
INSERT OR IGNORE INTO transfers (station_id, from_line_id, to_line_id, transfer_time_sec, difficulty) VALUES ('station_express-bus-terminal', 'line_3', 'line_9', 240, '3');
INSERT OR IGNORE INTO transfers (station_id, from_line_id, to_line_id, transfer_time_sec, difficulty) VALUES ('station_express-bus-terminal', 'line_9', 'line_3', 240, '3');
INSERT OR IGNORE INTO transfers (station_id, from_line_id, to_line_id, transfer_time_sec, difficulty) VALUES ('station_samgakji', 'line_4', 'line_6', 180, '2');
INSERT OR IGNORE INTO transfers (station_id, from_line_id, to_line_id, transfer_time_sec, difficulty) VALUES ('station_samgakji', 'line_6', 'line_4', 180, '2');
INSERT OR IGNORE INTO transfers (station_id, from_line_id, to_line_id, transfer_time_sec, difficulty) VALUES ('station_yeouido', 'line_5', 'line_9', 240, '3');
INSERT OR IGNORE INTO transfers (station_id, from_line_id, to_line_id, transfer_time_sec, difficulty) VALUES ('station_yeouido', 'line_9', 'line_5', 240, '3');
INSERT OR IGNORE INTO transfers (station_id, from_line_id, to_line_id, transfer_time_sec, difficulty) VALUES ('station_cheonggu', 'line_5', 'line_6', 150, '1');
INSERT OR IGNORE INTO transfers (station_id, from_line_id, to_line_id, transfer_time_sec, difficulty) VALUES ('station_cheonggu', 'line_6', 'line_5', 150, '1');
INSERT OR IGNORE INTO transfers (station_id, from_line_id, to_line_id, transfer_time_sec, difficulty) VALUES ('station_seokchon', 'line_8', 'line_9', 180, '2');
INSERT OR IGNORE INTO transfers (station_id, from_line_id, to_line_id, transfer_time_sec, difficulty) VALUES ('station_seokchon', 'line_9', 'line_8', 180, '2');

